ID,Name,ABV,Style,Is Retired
00CxqR,Nut Brown Ale,5.2,North American Origin Ales,N
04k0TG,Casper The Friendly Gose,5,German Origin Ales,N
0a0nmv,SweetWater Motor Boat,5.6,British Origin Ales,N
0HZF08,Dark Swan,8.7,North American Origin Ales,N
0I5b84,Double DeBOCKel,9.4,European-germanic Lager,N
0j4t2Z,Pinnacle Peak Pale Ale,4.2,North American Origin Ales,N
0K21pW,Porter,5.6,British Origin Ales,N
0KEzfx,30th Anniversary - Fritz and Ken's Ale,9.2,North American Origin Ales,Y
0NyrGZ,Through the Brambles,6.3,Hybrid/mixed Beer,N
0oHOZv,Harvest Single Hop IPA - Idaho 7 Varietal,6.5,North American Origin Ales,N
0s57EN,Hash Brown,6.2,North American Origin Ales,N
0T4pOY,Bigfoot Barrel-Aged,12.2,North American Origin Ales,N
0tWTUV,Tmavé,5.4,European-germanic Lager,N
0UTcHS,Ripley Tripel,9.6,Belgian And French Origin Ales,N
14UQ4N,Snowman Stout,5.2,North American Origin Ales,N
17KZDP,Bella Czech Pils,5.3,International Styles,N
18Ki63,Barrel Aged Dale's Pale Ale (Makers Mark),6.5,North American Origin Ales,N
1B8Hrr,Willettized Imperial Coffee Stout,12.6,British Origin Ales,N
1C793t,Centennial Saison,6,Belgian And French Origin Ales,N
1cLpJP,Beerito,4,European-germanic Lager,N
1EDyEY,Smaug's Breath,11,British Origin Ales,N
1FBXjy,Fresh Hop IPA,6.4,North American Origin Ales,N
1HeKZM,Oatmeal Stout - Beer Camp #45,9,British Origin Ales,N
1LvpyW,Drink This IPA,6.1,North American Origin Ales,N
1P45iR,Budweiser,5,North American Lager,N
1qx64W,Shamrock'n Rye Ale,6.6,Hybrid/mixed Beer,N
1S3Le4,Single Hop Mosaic Double IPA,6.6,North American Origin Ales,N
1SYQ5O,Southern Gothic Session Pils,5.6,European-germanic Lager,N
1t3vFB,Chai Porter,5.6,British Origin Ales,N
1unO6C,Autumn Ale,6,European-germanic Lager,N
1XAbSf,Foam Pilsner,5.6,North American Lager,N
1yMrDb,Pils,6.2,European-germanic Lager,N
24mTU2,Blizzicane Bock,7.7,European-germanic Lager,N
24UMt9,Davey Murray's Best Scotch Ale,9.5,British Origin Ales,N
276GV8,Funkytown,6,Hybrid/mixed Beer,N
2ADEYR,Dale's Pale Ale Nitro,6.5,North American Origin Ales,N
2avhYf,Beer Camp: Dry-Hopped Berliner-Style Weisse,4.2,German Origin Ales,N
2Bxz64,Sundog,4.5,North American Origin Ales,N
2cLm8B,All Colorado Apricot Wheat,5.5,Hybrid/mixed Beer,N
2CRlqm,Bigfoot,9.6,North American Origin Ales,N
2EkHBG,NXS,6.5,North American Origin Ales,N
2FgZ04,Mountain Series: Salted Caramel Brown,6.5,North American Origin Ales,N
2mfXU8,Little Bohemia,5.3,Hybrid/mixed Beer,N
2NsDUk,Light IPA,4,North American Origin Ales,N
2rqlKs,Beer Camp 013: Old Cantankerous,6.6,British Origin Ales,N
2VR5QQ,Hop And Sour,4.4,North American Origin Ales,N
2wvRmF,Dragon's Milk Reserve with Toasted Chilies,11,North American Origin Ales,N
2YWln7,Gubna Imperial IPA,10,North American Origin Ales,N
2yXCVa,Sumpin' Easy Ale,5.7,North American Origin Ales,N
2z4qK8,Michigan Awesome Hatter,5.8,North American Origin Ales,N
2ZwqMd,Sour Inc: Apple Rhubarb,4.5,German Origin Ales,N
30zzKy,Busch Light,4.1,North American Lager,N
35wxef,Extra Stout,5.3,Irish Origin Ales,N
36DmYw,Lime-a-Rita,8,Malternative Beverages,N
37s6fV,Say Sean Huell Melon Dry Hopped Saison,4,Belgian And French Origin Ales,N
3Csw32,Liberty Blonde,4.9,North American Origin Ales,N
3dsDxX,Clean Sweep,3.5,North American Origin Ales,N
3JrTod,Beach Bum Blonde Ale,5.4,Belgian And French Origin Ales,N
3neLUw,Hoppy Amber Ale - Mountain Series,6.4,North American Origin Ales,N
3nrJLN,Four Hopsmen - Comet Dry Hopped,5.2,North American Origin Ales,N
3PGxCQ,Cuvée Jeune Homme,6.5,Hybrid/mixed Beer,N
3PXm6h,Nib Sip Chub,7,British Origin Ales,N
3tlrAU,Dragon’s Milk Reserve: Banana Coconut,11,North American Origin Ales,N
3wh93y,Chewbocka,6.2,European-germanic Lager,N
3wspDn,Foreign Extra Stout (Ghana),7.5,British Origin Ales,N
3WxXFm,India Pale Ale IPA,6.4,North American Origin Ales,N
3XBmmp,Devils Double,8,North American Origin Ales,N
3zb9Gq,Ovila Dubbel,7.5,Belgian And French Origin Ales,N
3Zc0Ez,SummerBright Ale,4.5,North American Origin Ales,N
42fXwv,Oktoberfest,5.3,North American Lager,N
44mN7a,Ten FIDY,10.5,North American Origin Ales,N
4A41PO,Barrel-Aged Torpedo Extra IPA,8.5,North American Origin Ales,N
4BzAQE,Happy Ending,9,North American Origin Ales,N
4CC8Gf,Winter Haze,8.5,North American Origin Ales,N
4eYvNS,TuberFest,7.5,North American Lager,N
4fKoj3,Black Crown,6,North American Lager,N
4GgbWG,Draught-Style Pale Ale,5,North American Origin Ales,N
4iQV5k,Dry Hopped Coastal Pilsner (Batch No. 23185),6,North American Lager,N
4jKDXK,Beer Camp: West Coast DIPA,8.2,North American Origin Ales,N
4KIe0t,Ovila Golden With Pomegranates,8.5,North American Origin Ales,N
4LX2Qa,Two-One Niner,4.8,North American Lager,N
4neIJi,Saison Dans La Maison ,5.6,Belgian And French Origin Ales,N
4NgQyT,Hop-Scotch,6.2,"Mead, Cider, & Perry",N
4nRKTH,DevESTATEtion,6.7,North American Origin Ales,N
4o9Ml2,Grandma's Closet,7.6,Hybrid/mixed Beer,N
4QiGHK,O'Doul's Amber,0.5,North American Lager,N
4sdq0d,Bigfoot,9.6,North American Origin Ales,N
4U8cc8,High Sierra FestivAle,5.2,North American Origin Ales,N
4zruzt,Bud Light Golden Wheat,4.1,Belgian And French Origin Ales,N
52gmSJ,Pinner Throwback IPA,4.9,North American Origin Ales,N
537zpn,Credits & Debits,5,North American Origin Ales,N
56hSxC,Madonna,8,North American Origin Ales,N
56HXGK,GUARD de BEER,7,Belgian And French Origin Ales,N
5dbIgo,Twisted Fish,5.3,International Styles,N
5ErplG,Tater Ridge - Beer Camp Across America,7,British Origin Ales,N
5hvNTC,Well Built,8.8,Hybrid/mixed Beer,N
5iehRZ,Fusion 30,7.1,Belgian And French Origin Ales,N
5LHS1h,Hefeweizen,4.2,German Origin Ales,N
5LwuwE,Bob White,5,Belgian And French Origin Ales,N
5MX880,5 C's IPA,6.5,North American Origin Ales,N
5ntmM9,Holidale,7.4,Hybrid/mixed Beer,N
5ON8OO,Bulleit Bourbon Ten Fidy,11,Irish Origin Ales,N
5pJqvf,Willett Bourbon Barrel Aged Imperial Stout,11.5,North American Origin Ales,N
5stK34,Wookie Down,7.6,North American Origin Ales,N
5ue4ah,Summerfest,5,North American Lager,N
60GVov,Well Built E.S.B.,7.8,British Origin Ales,N
655f2d,Wicket IPA,5.4,British Origin Ales,N
65zNUD,Two Hats Lime,4.2,North American Lager,N
69R1Vd,G'Knight,8.7,North American Origin Ales,N
69tWZj,Dank Tank Ghoulash,8.5,North American Origin Ales,N
69Yqbc,Mozango,7.7,North American Origin Ales,N
6AcqY6,Agave Wheat,5.9,Hybrid/mixed Beer,N
6DAt6F,Ten FIDY Stranahans Bourbon Barrel Aged,10.5,North American Origin Ales,N
6f6SpY,Das Bij,5.6,Belgian And French Origin Ales,N
6fJQfz,Fils À Papa V,8.5,Belgian And French Origin Ales,N
6gFiUn,Dank Tank Border Hopper,8.6,North American Origin Ales,N
6jvc3G,Waterkeeper,6,German Origin Ales,N
6mTebP,Beer Camp Golden IPA,6.5,North American Origin Ales,N
798rjW,Oh Saisonna,8.3,Belgian And French Origin Ales,N
7aeVlx,Redbridge,4,Hybrid/mixed Beer,N
7aZN1V,Plum Gose,4.5,German Origin Ales,N
7BGyan,Fuzzworthy,5.9,North American Origin Ales,N
7bnlRC,Rye Cocoa Porter - ScareCity #2,10.2,North American Origin Ales,N
7dkC8e,Deviant Dale’s,8,North American Origin Ales,N
7faCP2,Rum Barrel-Aged Ten Fidy,14.7,North American Origin Ales,N
7gKo41,Grizzly Imperial Pale Ale,8.1,North American Origin Ales,N
7GLf2A,The White Buffalo,6,North American Origin Ales,N
7HHwqy,Hop Hash,7.8,North American Origin Ales,N
7i1hXo,Ovila Abbey Saison,7.5,Belgian And French Origin Ales,N
7iFx4r,Beer Camp Across America,8.6,North American Origin Ales,N
7IjJ76,Vienna,5.3,European-germanic Lager,N
7SC2N0,Southern Hemisphere Session IPA,4.6,North American Origin Ales,N
7Yytym,Wilco Tango Foxtrot,7.8,North American Origin Ales,N
7z8RTq,3 Weight,4,North American Origin Ales,N
7zuKpR,Philly Tripel Plan B,8,Belgian And French Origin Ales,N
8ftXVJ,Six Grain Harvest Lager (Batch No. 63118),5.5,North American Lager,N
8lmndo,Sweetwater Donkey Punch!,10.2,North American Origin Ales,N
8lo5KQ,Dragon's Milk Reserve: Mexican Spice Cake,11,North American Origin Ales,N
8LowIZ,Guinness Nitro IPA,5.8,North American Origin Ales,N
8M5lCq,30th Anniversary - Jack & Ken's Ale,10.2,North American Origin Ales,Y
8MMa77,Bud Dry,5,North American Lager,N
8pAabO,CitruSinensis,7.9,North American Origin Ales,N
8qafAu,Golden Ale,4.5,North American Origin Ales,N
8rc5kA,Wachusetts IPA,5.6,North American Origin Ales,N
8SiLJi,Barrel Aged Imperial Cherry Stout,9.5,North American Origin Ales,N
8TQNbT,Spinner,5.6,North American Origin Ales,N
8Ug3hm,Oxford Education,7.3,British Origin Ales,N
8ugUQF,Audition - Belgian-Style Pale Ale,5.3,Belgian And French Origin Ales,N
8vbUYR,Session Rye,4.5,Hybrid/mixed Beer,N
8zibUO,Imperial Red Ale,7.6,Irish Origin Ales,N
907FUe,Fugli,5.8,North American Origin Ales,N
932XO8,Blueberry Ale,4.5,Hybrid/mixed Beer,N
9BJRbZ,Smithwick's Premium Red Ale,4.5,Irish Origin Ales,N
9bNjNs,Old Chub Nitro,8,British Origin Ales,N
9cqNKc,Georgia Brown,5.8,North American Origin Ales,N
9HcWSd,Bigfoot,9.6,North American Origin Ales,N
9LnbQj,Willettized Coffee Stout,11.7,North American Origin Ales,N
9nXV0D,Dank Tank The Price is Wrong,9,Belgian And French Origin Ales,N
9OyQXs,California Black Beer,4.9,North American Lager,N
9Qr0BU,Narwhal Tawny Port Barrel Aged,11.4,North American Origin Ales,N
9RNMJQ,The Gimp,10.3,British Origin Ales,N
9UUKMj,Holiday Leftovers Ale,7.6,Hybrid/mixed Beer,N
9XJBp9,Narconaut,6.6,North American Origin Ales,N
9YCuGj,Bearsharktopus,6,Belgian And French Origin Ales,N
9Ylplt,Fistful of Hops,6.2,North American Origin Ales,N
a1DUfG,Cool Breeze,4.9,Belgian And French Origin Ales,N
a29mU4,Little Birdy,6.9,North American Origin Ales,N
a5LtHp,Sacramento Beer Week Beer,9,Hybrid/mixed Beer,N
a8u4ic,Yvan The Great - Beer Camp Across America,6.3,Belgian And French Origin Ales,N
a9reE2,Waldo's Special Ale,11.5,North American Origin Ales,N
aabOus,DogZilla Black IPA,6.9,North American Origin Ales,N
AAdvVo,Hop House Lager,5,North American Lager,N
ABAHdk,Deuce,7,North American Origin Ales,N
Abbvjh,Bud Light Apple,4.2,North American Lager,N
ABoSrf,The Waldos’ Special Ale (2018),11.3,North American Origin Ales,N
aBYXhp,Porter Porter,7.5,British Origin Ales,Y
AC98pm,Earth Day EPA,5.2,British Origin Ales,N
AdHXWs,Imperial Pils,8.6,North American Lager,N
ADXvig,Oktober-Fiesta,5.5,North American Lager,N
AEFy0R,Boomerang,6.7,North American Origin Ales,N
afK7hW,Honey Blonde,5.2,North American Origin Ales,N
AFNvz4,Bigfoot (2018),9.6,North American Origin Ales,N
aG4Ie2,Alpha Dog Imperial IPA,8.5,North American Origin Ales,N
AI17Hf,Fumble Brewski,4.5,North American Lager,N
ajbd6g,35th Anniversary  - Brewer's Reserve,8,British Origin Ales,N
AJwGIV,Peach IPA,5.8,North American Origin Ales,N
akZCc6,Rompo Red Rye (Dickel),5.2,Hybrid/mixed Beer,N
AlRuKw,Ovila Quad,10.5,Belgian And French Origin Ales,N
Api83U,Scare City 1,7.5,North American Lager,N
aPMdQj,Pimp My Ride,7.8,North American Origin Ales,N
AQE3Sx,Summer Session,5,Hybrid/mixed Beer,N
ARoWVg,Dank Tank Old Man Johnson's Farm,9.6,North American Origin Ales,N
aSdzxF,Ten FIDY (2016),10.5,North American Origin Ales,N
ATFslo,Sweet Sunny South,4.9,Belgian And French Origin Ales,N
Au0v9G,A Little Sumpin' Extra,8.7,North American Origin Ales,N
AVcFA8,Imperial Pecan Porter,9,North American Origin Ales,N
avUZok,Ground Score,7.1,North American Origin Ales,N
AWdfjO,Priscilla,5.2,Belgian And French Origin Ales,N
aWUHyv,Mozango (Fusion XXXI),9,North American Origin Ales,N
AXkM1P,New England IPA,7.5,North American Origin Ales,N
AY6Jg8,Point Defiance IPA,6.1,North American Origin Ales,N
AZgmir,Barrel-Aged Hoptimum  (Trip in the Woods),11.5,North American Origin Ales,N
aztnLa,Bigfoot,9.6,North American Origin Ales,N
B0vbr1,Night Wish,10.5,North American Origin Ales,N
b601KW,Hazy Little Thing,6.7,North American Origin Ales,N
b65A4y,Fusion 9,5.5,North American Origin Ales,N
b6nCMj,Anniversary Ale,3.8,North American Origin Ales,N
babLje,Sucks,8,North American Origin Ales,N
baONtD,Mad Hatter IPA,7,North American Origin Ales,N
BbrPm8,Buffalo Trace Aged Scotch Ale,11.1,British Origin Ales,N
BceaoL,Hummer,5.1,Belgian And French Origin Ales,N
BdlH6M,Beer Camp: Campout Porter,7.7,British Origin Ales,N
BEFupD,NxS IPA,9,North American Origin Ales,N
Beiqbm,Baltic Joy,7.4,Other Lager,N
bf76fr,Twin Peaks,5,North American Origin Ales,N
bFMDB3,Portsmouth Barleywine,11,North American Origin Ales,N
bHDV83,Dirty Blonde Ale,4.5,North American Origin Ales,N
bHmQdD,Crank Tank,5.8,Hybrid/mixed Beer,N
BJFSW8,Audition - Double IPA,8.5,North American Origin Ales,N
BJymUV,Bitter Oats,10.5,North American Origin Ales,N
Bk34Go,Vanilla Porter,5.4,British Origin Ales,N
bK4vxh,Blue Dream,6.4,North American Origin Ales,N
BKi6Ss,Yadig? Berliner Hopfenweissen,4.3,North American Origin Ales,N
BkSzxg,Cream Ale,5.9,British Origin Ales,N
BlcFcv,Dank Tank Magnum IP,9,European-germanic Lager,Y
blZIJW,Home Skillet,5.6,North American Origin Ales,N
bM2eLl,Red Between the Lines,6.2,North American Origin Ales,N
bMv56j,Brewery Lane Series: Biére De Garde,9,Belgian And French Origin Ales,N
bn1wGG,Hopivore,5.84,North American Origin Ales,N
bnURKM,Paleooza,4.4,North American Origin Ales,N
BnYgKN,Dragon's Milk Reserve with Vanilla Chai,11,North American Origin Ales,N
BoJHzM,Belgian Black IPA - Beer Camp #94,7.7,Belgian And French Origin Ales,N
bp7TkJ,HotSide Sour Mashed DayTime,4.65,Hybrid/mixed Beer,N
bpJ9u8,White Ale,4.8,Belgian And French Origin Ales,N
bQk5Rn,Budweiser Freedom Reserve,5.4,North American Lager,N
bqKaTO,Cran-Ber-Rita,8,Malternative Beverages,N
Bs70do,Mixxtail Long Island Iced Tea,8,Malternative Beverages,N
bSQyva,Beer Camp: Ginger Lager,6.2,North American Lager,N
bTNGkO,Experimental Hop Session IPA,4.6,North American Origin Ales,N
BUVVgt,Tropical Mama’s,5.3,North American Lager,N
bwmm73,Daytona Dark Wheat Lager (Batch No. 32218),5,North American Lager,N
bZ8hmu,Potato Schwarzbier,4.9,European-germanic Lager,N
BZGnql,Fusion 26,6.65,North American Origin Ales,N
Bzl1Jw,Solar Coaster,6.1,Hybrid/mixed Beer,N
bztkAM,Rhizing Bines,8,North American Origin Ales,Y
C0Ax0o,Holiday Haze,6.5,North American Origin Ales,N
c0okIY,Mad Catter,7,North American Origin Ales,N
c4f2KE,'Murican Pilsner,5.5,North American Lager,N
C7bzqV,Cranberry Kolsch,5,German Origin Ales,N
c9u7Eo,Guinness Generous Ale,5.6,Irish Origin Ales,N
cB7Dxt,Ovila Dubbel Barrel-Aged,10.8,Hybrid/mixed Beer,N
cByN2F,Otra Vez Gose With Lime & Agave,4.9,British Origin Ales,N
cBZj1z,Audition - English-Style Bitter,5.6,British Origin Ales,N
CD9BLy,Harmon Killerbrew,7.6,Irish Origin Ales,N
cdkpyx,Pale Ale,5.6,North American Origin Ales,N
ceP1Cs,Five Hop - Experimental IPA,5.8,North American Origin Ales,N
CEVOre,Mai-nd-Bockling,6,European-germanic Lager,N
cglNbC,Port Barrel Aged Biere De Garde,10.2,Belgian And French Origin Ales,N
Cj5RaA,Great Pumpkin,5.5,Hybrid/mixed Beer,N
cJvlzs,Octoberfest,5.2,European-germanic Lager,N
CJYncP,Vienna Lager,5.7,European-germanic Lager,N
CLsadV,Sans Souci,5.9,Belgian And French Origin Ales,N
CMvItN,Doppel Weizen,8.5,German Origin Ales,N
Cn8hSH,Fusion 23,7,North American Origin Ales,N
cOSoch,Dire Wolf,6.2,North American Origin Ales,N
coUX1m,Gubna,10,North American Origin Ales,N
cPLFNf,Tropical Lover,4.3,North American Origin Ales,N
CRw8Gu,Brown Eyed Buckeye,8.6,North American Origin Ales,N
CScss3,Yonder Bock - Beer Camp Across America,7.7,European-germanic Lager,N
ct0Hxz,Charkoota Rye,9.35,European-germanic Lager,N
ctjbwM,SweetWater Festive Ale,8.5,Hybrid/mixed Beer,N
CtLLsH,Coco Nuts,5,Belgian And French Origin Ales,N
CtqQJb,Imperial Hatter,9.4,North American Origin Ales,N
CU1fkx,Harvest Newly Developed Hop IPA (2015),6.5,North American Origin Ales,N
CU2xRZ,G'Knight (Breckenridge Whiskey Barrel Aged),8.7,North American Origin Ales,N
cvma3B,The Dogfather Imperial Stout - Bourbon Barrel,10.85,British Origin Ales,N
CwbQiB,Grand Royal,8.3,North American Origin Ales,N
CWqXDN,Fusion 16,4.8,Hybrid/mixed Beer,N
Cwuozg,Nitro Vanilla Porter (NVP),4.7,British Origin Ales,N
CWwxeR,Lucky 13,8.3,North American Origin Ales,N
cX0XkP,Fusion 34 Michiganja,6.7,British Origin Ales,N
cXEnHS,Tequila Barrel-Aged Ophelia,6.6,Hybrid/mixed Beer,N
CZn6nT,Pale Ale,5.6,North American Origin Ales,N
d16niD,Blindfold,7.4,North American Origin Ales,N
d2nhC0,Brown's Point ESB,5.6,British Origin Ales,N
D4I0lX,Stone Cold Peach,5.6,Belgian And French Origin Ales,N
Da2apu,Hurricane,5.9,North American Lager,N
dapUuF,Bigfoot (2016),9.6,North American Origin Ales,N
DbeLZF,All Colorado Wet Hop Pale Ale,5.8,North American Origin Ales,N
dbN8in,Imperial Pilsner - Beer Camp #43,5.6,North American Lager,N
DEojxv,Dank Tank Red Hot Mama,8.6,North American Origin Ales,N
dFaMLe,Dry-Hopped Censored Ale,6.7,Hybrid/mixed Beer,N
DGCFAD,Guinness Rye Pale Ale,5,Hybrid/mixed Beer,N
DGhJbX,Equinox,8.4,North American Origin Ales,N
dimtrs,Bud Light,4.2,North American Lager,N
DJcbV1,Bigfoot,9.6,North American Origin Ales,N
dlm9nV,Single Hop Citra IPL,5.5,North American Lager,N
dM2XzJ,Ovila Abbey Aged Dubbel,8.5,Belgian And French Origin Ales,N
DmCMSF,London Calling English Porter Cask,5.3,North American Origin Ales,N
dmVTls,Winter Saison,5.3,Belgian And French Origin Ales,N
Dn64tp,Experimental Hop Double IPA,8,North American Origin Ales,N
DNAmvo,LowRYEder IPA,6.2,Hybrid/mixed Beer,N
dNnIWw,Kate The Great Russian Imperial Stout,9.5,North American Origin Ales,N
dnUKxu,Chocolate Chili Stout - High Altitude Series,8.8,North American Origin Ales,N
dODEDo,Spruce Beersteen,6,North American Origin Ales,N
dqKU6w,Single Hop Cascade IPA,6.3,North American Origin Ales,N
DqTrrP,Lolo IPA,6.4,North American Origin Ales,N
DQW0WA,Belgian Crush,5.7,Belgian And French Origin Ales,N
dRGLDH,Peach-a-Rita,8,Malternative Beverages,N
dS0wsG,Mango Mosaic Pale Ale,5.5,North American Origin Ales,N
dS3WFU,Barrel Aged Chaka (Merlot),8,Belgian And French Origin Ales,N
DsrVwL,Hibiscus Strawberry Gose,4,German Origin Ales,N
dsVALR,Mischievous,5.5,Hybrid/mixed Beer,N
dTCluj,Fusion 40,8.5,North American Origin Ales,N
Du7C2e,Black Tulip,8.8,Belgian And French Origin Ales,N
DUmEEi,Green State Lager,4.9,North American Lager,N
Dvucvo,Bud Light Blends Lemon,3.5,Hybrid/mixed Beer,N
DvxCJ2,Barrel Aged Twenty Five,9.8,North American Origin Ales,N
DwfEan,Dragon's Milk Reserve: Raspberry Lemon,11,Hybrid/mixed Beer,N
DwGaaX,Lagunitas Undercover Investigation Shut-Down Ale,9.6,North American Origin Ales,N
Dwhny1,Ovila Abbey Quad with Plums,10.2,Belgian And French Origin Ales,Y
dWISHQ,Lagunator,7.9,North American Lager,N
e0bg5f,Six Rights IPA -  Beer Camp,8,North American Origin Ales,N
e4in1c,Kaliber,0.5,Hybrid/mixed Beer,N
E5i29p,Mandarina Bavaria,4.9,European-germanic Lager,N
E6kkPh,Black Mad Hatter India Pale Ale,5.56,North American Origin Ales,N
e9sjBk,21st Anniversary,7.9,Belgian And French Origin Ales,N
eBelPz,Stone Mill Organic Pale Ale,5.5,North American Origin Ales,N
EBgR2m,Choice Make Good,8.3,North American Origin Ales,N
EBlZnE,Zoomer,4.7,Hybrid/mixed Beer,N
EbwOyu,Pulled Porter,7.7,North American Origin Ales,N
ebYlhO,Eroica,7.4,Belgian And French Origin Ales,N
EcAeVx,Oktoberfest,6,European-germanic Lager,Y
eCmjOc,Pear Champagne,5.3,North American Origin Ales,N
Edea9J,Winter Ale,6.1,British Origin Ales,N
eEWCFd,Lucky U IPA,6.2,North American Origin Ales,N
ehb1eB,Country Pale Ale,5.1,North American Origin Ales,N
eI5fN2,New Dogtown Pale Ale,6.2,North American Origin Ales,N
eIZS7k,Harvest Ale,6.5,North American Origin Ales,Y
eJ0fVE,Tripel  Squared,9,Belgian And French Origin Ales,N
ej16Dh,The Carhartt Woodsman,4.4,North American Origin Ales,N
EkVPnE,Nitro Orange Cream Ale,5.5,Hybrid/mixed Beer,N
EO71ZO,Hoppy Saison,5,Belgian And French Origin Ales,N
eOVHdT,Audition - Scotch Ale,7.3,British Origin Ales,N
ep9tZr,Trip In the Woods: Rye Dunkelweizen,9.6,German Origin Ales,N
ePh6fw,Flipside Red IPA,6.2,North American Origin Ales,N
epip51,Long Steam IPA,5.8,North American Origin Ales,N
EpkUho,Imperial Plum IPA,9,North American Origin Ales,N
EqgmWc,Year of the Dog - Release #1,7.2,North American Origin Ales,N
ER2JSs,Bigfoot,9.6,North American Origin Ales,N
esFZwY,G'Knight Imperial Red IPA,8.7,Hybrid/mixed Beer,N
Esu28L,Murphy's Law Red Ale,5,Irish Origin Ales,N
etD9Ry,Mungo Berry,4.8,North American Origin Ales,N
ETtkIW,Bigfoot,9.6,North American Origin Ales,N
eueVi6,Beer Camp: Dunkle Weisse,5.7,German Origin Ales,N
eVgnFV,The Poet,5.2,British Origin Ales,N
eW9IJb,Budweiser Chelada,5,North American Lager,N
ExTe8O,Unfiltered Wheat Beer,4.4,Hybrid/mixed Beer,N
eXzIZz,TripleTail,5.5,North American Origin Ales,N
EyM4tM,Pumpkin Spice Latte : Nitro Series,5.5,North American Origin Ales,N
eyYenc,Bigfoot,9.6,North American Origin Ales,N
EzaTJ3,Runway IPA,6.2,International Ale Styles,N
f16hLl,Ruthlessly Delicious,6.2,North American Origin Ales,N
f5CWb6,"30th Anniversary - Charlie, Fred & Ken's Bock",8.3,European-germanic Lager,Y
fa0oqf,471 ESB - Extra Special Bitter,7.8,British Origin Ales,Y
FAIsfG,Guinness West Indies Porter,6,British Origin Ales,N
FbD1pJ,Taz IPA,6,North American Origin Ales,N
fBZZUJ,Anniversary Ale,5.9,North American Origin Ales,N
fDmp62,Crye Me A River,5.6,Hybrid/mixed Beer,N
fdnFoV,Audition - Belgian-Style Blonde,6.3,Belgian And French Origin Ales,N
FDpmPR,Crank Tank Rye'd Ale,6.2,Hybrid/mixed Beer,N
FDSQ5n,SweetWater Mean Joe Bean,8.5,British Origin Ales,N
fDUiV9,Strawberry Moon,4.3,North American Origin Ales,N
fekpJv,Blackstrap Fever,6.1,British Origin Ales,N
FfmdpM,Juicy Wolf,4.8,North American Origin Ales,N
fGeFvg,Barrel Aged BOTL Cap,8.9,European-germanic Lager,N
Fhw2NF,7 Cities Pilsner,5,North American Lager,N
fIWpZI,Marilla Trail,10.1,Hybrid/mixed Beer,N
FK6HtH,Harvest Single Hop Yakima #291,6.5,North American Origin Ales,N
fKinUP,Busch Ice,5.9,North American Lager,N
Fkz9Mi,Water-melon-Rita,8,Malternative Beverages,N
FlmKOv,Smidy,5.2,British Origin Ales,N
fMn3Hq,Dragon's Milk Reserve: Salted Caramel,11,North American Origin Ales,N
FMWVLR,Puget Brown Porter,5.6,British Origin Ales,N
FNByFy,Knightro,4.6,Irish Origin Ales,N
fnqCGB,Maximus,8.2,North American Origin Ales,N
FnRwC6,Take Two Pils,5.5,European-germanic Lager,N
FocTXx,Goofer Dust,6.1,North American Origin Ales,N
fOFhEa,Hotbox Coffee Porter,6.5,British Origin Ales,N
fqgLPD,Hop Dog Fresh Hop Pale,5.6,North American Origin Ales,N
FtZRre,Sidcar Orange IPA,6.8,North American Origin Ales,N
FVFucy,Fresh Hop Double IPA,8,North American Origin Ales,N
FW35fB,High Life Light,4.5,North American Lager,N
fX6odn,Solar Storm - Beer Camp #71,5.8,North American Origin Ales,N
FxxNhs,Snow Cone IPA,7,North American Origin Ales,N
fyj05b,Black IPA,6.9,North American Origin Ales,N
G2Vi1J,Budweiser Select,4.3,North American Lager,N
G5Uxww,Single Hop El Dorado Session IPA,4.6,North American Origin Ales,N
g7a7Uo,Four Hopsmen - HBC 472,5.2,North American Origin Ales,N
G8qBXI,Super Cluster,8,North American Origin Ales,N
GboTWT,Censored Rich Copper Ale,6.75,North American Origin Ales,N
GbTnYM,Tangerine Space Machine,6.8,North American Origin Ales,N
GCDyUs,Silent Night,11,Belgian And French Origin Ales,Y
gEUoCZ,Doppel Sticky,7.7,German Origin Ales,N
gFe3ro,Beer Like A Billy Goat,6.5,European-germanic Lager,N
GGaceU,Harvest Ale 2007,6.7,North American Origin Ales,N
GIO3Xe,Red-oric - Beer Camp #65 (Best Of Beer Camp: Imperial Red Ale),8,North American Origin Ales,N
giziAd,Bourbon Barrel Aged Imperial Stout With Coffee,11.2,North American Origin Ales,N
gkSM7N,Guinness Dublin Porter,3.8,Irish Origin Ales,N
gm9FbA,Johnny Hash - Dank Tank,8.5,North American Origin Ales,N
GnPJde,Holidale (2016),10.3,Hybrid/mixed Beer,N
GNtxMV,Fusion 39,5.5,North American Origin Ales,N
gpCMad,Passion Blaster,6,Hybrid/mixed Beer,N
gQiQsk,White Hatter,5.5,Belgian And French Origin Ales,N
GTbXLB,Cambium,5.8,Hybrid/mixed Beer,N
guH320,Chaka,8,Belgian And French Origin Ales,N
gvFuE2,Select 55,4,North American Lager,N
GVNZZQ,Green Valley Wild Hop Lager,5,North American Lager,N
gVuwQ6,Shameless McDale,4.8,Irish Origin Ales,N
gVynTw,India Pale Ale,6.8,North American Origin Ales,N
GwYXdk,Brux,8.3,Hybrid/mixed Beer,N
GXDZpo,Fusion 32,7.5,North American Origin Ales,N
GysKeq,471 IPA Barrel Series: Eureka!,11.2,North American Origin Ales,N
H20aOl,Extra ESB - Small Batch Series,7.8,British Origin Ales,N
h2d5zt,Conehead,5.7,North American Origin Ales,N
h331gl,Beer Camp: White IPA with Yuzu,7,North American Origin Ales,N
h7N6T9,Stephan Urquell ,4,International Styles,N
h9JXAb,Summer Ale,4.7,Hybrid/mixed Beer,N
HaN457,Rustiek-Barrel Aged Belgian Amber Ale,9.4,North American Origin Ales,N
Hb6O3U,Happy Ending,9,North American Origin Ales,N
hbf2am,Pomona Queen,4.8,North American Lager,N
hbF6tu,ABLE Best Britter,4.3,British Origin Ales,N
hCMeA4,West Latitude Session Rye,5.5,Hybrid/mixed Beer,N
hd8yE8,Bud Light Platinum,6,North American Lager,N
he3yMK,Nooner Pilsner,5.2,North American Lager,N
HG1dy6,Fusion 21,4.7,North American Origin Ales,N
HgMkeg,Bonnaroo Brew,4.8,Belgian And French Origin Ales,N
Hh3VFp,Cinnister Stout,5,North American Origin Ales,N
HHG2Nn,Dragon's Milk Reserve with Coffee And Chocolate,11,North American Origin Ales,N
hImGQV,Braupakt,6,German Origin Ales,N
HIuMUM,Antwerpen Stout,8,British Origin Ales,N
HiunCp,Gingerbread Old Chub,8,British Origin Ales,N
HIwvra,Barrel-Aged Bigfoot (Whiskey Barrels),11.9,North American Origin Ales,N
hKT9uI,Dunkelweizen Bock,7.2,German Origin Ales,N
HL52ir,Whiskey Barrel Snowman Stout,5.2,North American Origin Ales,N
hlynwj,Budweiser American Ale,5.1,North American Origin Ales,N
HmjnXt,Born Again Yesterday,7.5,North American Origin Ales,N
hO6U5X,Barrel Aged Narwhal,12.9,North American Origin Ales,N
HO9ROw,Ovila Abbey White,5.3,Belgian And French Origin Ales,N
HptKyQ,Tannakin,6.2,North American Origin Ales,N
HQ79n0,Blue Sunday,7,North American Origin Ales,N
hqQhp6,Dry Irish Stout,4.8,North American Origin Ales,N
HSChH3,Black Lager (Hatchery Series Release #3),5,North American Lager,N
htbWwF,Imperial Red Ale,7.8,North American Origin Ales,N
htJQLM,Salted Grapefruit Farmhouse Ale,5.2,Belgian And French Origin Ales,N
HXVdFT,Death By Coconut,6.5,British Origin Ales,N
HxW3xw,Audition - Rye Bock,7.2,Hybrid/mixed Beer,N
hy7HsS,Fusion 20,9,North American Origin Ales,N
hYaduh,Alt Route - Beer Camp Across America,6.6,German Origin Ales,N
hz4rNs,Thunder Ann,5.5,North American Origin Ales,N
HZMvCT,471 IPA Barrel Series: Citra,11.3,North American Origin Ales,N
i0Hy6x,Black Vapor,6,European-germanic Lager,N
i1jKN5,Spring Heat Spiced Wheat,5.2,Belgian And French Origin Ales,Y
I1L4J0,Quinn's Amber Ale,4.8,North American Origin Ales,N
i5EwQe,Trip In The Woods,9.6,British Origin Ales,N
Ia4uJ0,Guinness Milk Stout,5,British Origin Ales,N
IAP9Ye,Huckleberry Cream Ale,5.5,Hybrid/mixed Beer,N
IDxKzR,High West-ified Imperial Coffee Stout,12.2,North American Origin Ales,N
iEMsk8,Anniversary Ale 2007,5.9,North American Origin Ales,N
iId6Sg,Summer in Berlin,5,North American Origin Ales,N
iJ329Y,19 - Golden Belgian Style Ale,7,Hybrid/mixed Beer,N
IkgmFq,Breckenridge Christmas Ale,7.4,North American Origin Ales,N
Il48ZU,United in Orange,5.3,North American Origin Ales,N
iLlMCb,Lagunitas IPA,6.2,North American Origin Ales,N
IlrJbh,Blood Shot,8.6,North American Origin Ales,N
INJWpy,Imperial Stout,9.9,North American Origin Ales,N
iNpc02,Maple Scotch-Style Ale,7.3,British Origin Ales,N
InYD5U,Wild Blue Blueberry Lager,8,Belgian And French Origin Ales,N
IpcSsv,Dragon's Milk Reserve: Brewer's Select,12,North American Origin Ales,N
IphbdN,Bigfoot,9.6,North American Origin Ales,N
IRIveF,Four Hopsmen - Hop Head Farms Eperimental Dry Hopped,5.2,North American Origin Ales,N
isCgs7,Tumbler,5.5,North American Origin Ales,N
ISlZaz,Miller Fortune,6.9,North American Lager,N
ISTT06,2017 Beer Camp,6.5,North American Origin Ales,N
iT9pf4,Dale's Pale Ale,6.5,North American Origin Ales,N
ItEVNY,Anniversary Ale 2009,5.9,North American Origin Ales,N
iTZlLw,Citra IPL,5.2,North American Origin Ales,N
iYbsQ5,Fohn,4.7,European-germanic Lager,N
iypGyz,Wet Hopped American Summer,4.8,Hybrid/mixed Beer,N
IyyejS,Anubis Imperial Coffee Porter,8,British Origin Ales,N
IzBcZt,Scotch-Style Ale,7.3,British Origin Ales,N
J0OjIy,Johnny Appleseed,5.5,"Mead, Cider, & Perry",N
J183HL,London Calling,3.2,British Origin Ales,N
J2UGn1,Baltic Anomaly,8.5,Other Lager,N
j9cp5e,471 Small Batch IPA,9.2,North American Origin Ales,N
J9xszw,Guinness Foreign Extra,7.5,Irish Origin Ales,N
ja4TBb,Black Mamba,6,German Origin Ales,N
JaS6T7,Torpedo Extra IPA,7.2,North American Origin Ales,N
jBjeGJ,Electric Ray - Beer Camp Across America,8.5,North American Lager,N
jChDlj,Old Chico Crystal Wheat,4.8,North American Origin Ales,N
JCo28y,Asian Gold Blonde,4.4,North American Origin Ales,N
jcxBhr,el Mole Ocho,8.4,Hybrid/mixed Beer,N
JDzrBR,Dales Dry Hop Equinox,6.5,North American Origin Ales,N
JfC6wN,Guinness Red Harvest Stout,4.1,Irish Origin Ales,N
jIKwgZ,420 Strain G13 IPA,6,North American Origin Ales,N
Jio9R0,Oatmeal Stout,5,British Origin Ales,N
jjIwuS,Budweiser Prohibition Brew,0.5,Hybrid/mixed Beer,N
Jjw7Pd,Wheat Of The Moment,5.7,Hybrid/mixed Beer,N
JK8eXb,Trip In the Woods: Cocoa Coconut Narwhal,11.8,North American Origin Ales,N
JKdiyv,Hash Session IPA,4.2,North American Origin Ales,N
jMQlvu,Goin' Coastal,6.1,North American Origin Ales,N
jNqqVQ,Jenny Scream Ale,5.3,Hybrid/mixed Beer,N
JoGCC1,Fusion 18,10,North American Origin Ales,N
JOxnlJ,Hop Dog Harvest Pale Ale,6.2,North American Origin Ales,N
JR5uca,White Lightning ,6.5,North American Origin Ales,N
jshi8D,Little Sumpin’ Wild,8.74,North American Origin Ales,N
JsJS48,There and Back - Beer Camp Across America,5.6,British Origin Ales,N
JSTPos,Monkey King Saison Farmhouse Ale,6.6,Belgian And French Origin Ales,N
JUjEnp,Miller Chill,4.1,North American Lager,N
JVv3qI,Kellerweis,4.8,German Origin Ales,N
JW5SJV,Family Values,8.5,North American Origin Ales,N
JzAHi3,Hatchery Series #5 - NE Style IPA,7.5,North American Origin Ales,N
jZMQtq,Larry Imperial IPA,8.5,North American Origin Ales,N
JzR6cK,Bavarian-Styled Doppel Weizen,9,German Origin Ales,N
K2qBGW,Guinness Extra Stout,5,North American Origin Ales,N
K2y0MV,Trip In the Woods: Tequila-Barrel-Aged Otra Vez,7.5,British Origin Ales,N
K6s9S1,Smoke on The Water,7,Hybrid/mixed Beer,N
KcLuc7,Johnny Berliner,4,German Origin Ales,N
KfC3l9,Spanglish Fly,8,Belgian And French Origin Ales,N
KGaPva,Oktoberfest,6.1,European-germanic Lager,Y
KiXHLV,Witness,6,Belgian And French Origin Ales,N
KJIjyd,Miller Lite,4.2,North American Lager,N
KjumXn,30th Anniversary - Grand Cru,9.2,Hybrid/mixed Beer,N
kK34fk,Diggler Double IPA,8,North American Origin Ales,N
kKHKCn,Trip in the Woods: Maple Scotch,9.8,British Origin Ales,N
Kktdjp,The Art Of Chaos,9,North American Origin Ales,N
kLnpDN,Bad Luck Blonde,6.5,North American Origin Ales,N
KmsdoV,Old Chub,8,British Origin Ales,N
KPu2Ot,Festival Bier,6,North American Lager,N
KQDQgO,Hoptimum,10.4,North American Origin Ales,N
kQiE9q,Hop Peak,6.5,North American Origin Ales,N
kSrchj,Imperial India Brown Ale,9.2,North American Origin Ales,N
kuAItj,Trademark Pale Ale,5.7,North American Origin Ales,N
KuflHE,Tropical Torpedo,6.7,North American Origin Ales,N
KuiKeS,Breakfast At Chicos,7.5,North American Origin Ales,N
kusLBU,Existential,11.1,North American Origin Ales,N
KVcu4B,Ten Fidy - Bourbon Barrel Aged,12.9,North American Origin Ales,N
kvklwS,Bayside Black IPA,7.1,North American Origin Ales,N
kVKPX7,Hop Harmony,6.7,North American Origin Ales,N
KY5gtZ,Celebration Ale,6.8,North American Origin Ales,N
kZ5YoL,VT Haze,4.1,North American Origin Ales,N
kZadFf,Black IPA,6.5,North American Origin Ales,N
kzcLek,Noble Hopped Lager (Batch No. 32218),5,North American Lager,N
kzMoR5,Wild Thang,5,North American Origin Ales,N
L0eAAB,Aunt Sally,5.7,North American Origin Ales,N
l4L4RO,Nitro Series: Chocolate Orange Stout,6,British Origin Ales,N
l5VbnF,Sweetwater Dank Tank Big Ol' Belgian Blue Balls,9,Hybrid/mixed Beer,N
L6Lk8r,Plum Jasmine Gose,9.6,North American Origin Ales,N
l7irOy,Weizenbock - Beer Camp #37,6.8,German Origin Ales,N
lAM2hZ,Unibrown,7.1,North American Origin Ales,N
LB8JzL,Sidecar Orange Pale Ale,5.6,North American Origin Ales,N
LcpeBb,17th Saison,9,Belgian And French Origin Ales,N
LDb6oj,Estate Ale,6.7,Hybrid/mixed Beer,N
lDDTXD,Ryeday the 13th,5.5,Hybrid/mixed Beer,N
LDo4fA,Puff The Magic Cyser,8.5,"Mead, Cider, & Perry",N
lEPIZg,Audition - Pale Ale,6.5,North American Origin Ales,N
lFMs56,Old Double Bagger Barleywine,13.2,North American Origin Ales,N
lFrwWQ,Natural Ice,5.9,North American Lager,N
LfwcEu,Sugarshack Saison,5.1,Belgian And French Origin Ales,N
lj8S4n,Larry Triple Douple,8.5,Belgian And French Origin Ales,N
LkfL1Y,Cherry Chocolate Stout,8.5,North American Origin Ales,N
llmv40,Golden IPA,5.9,North American Origin Ales,N
lMlLXZ,Ryde Beer,5,Hybrid/mixed Beer,N
LMONA6,Barrel Aged Mama's Mama's Little Yella Pils (Tequila),5.3,North American Lager,N
Ln4Gn6,Passion Fruit Pinner,4.9,North American Origin Ales,N
LnzGvI,Hatchery Series Release #6: Golden Summer Ale,4.8,North American Origin Ales,N
Lo0Ybu,Keller,4.9,German Origin Ales,N
LOVCKl,Night Tripper Barrel Aged,10.8,North American Origin Ales,N
lPcmND,SideCar,5.6,North American Origin Ales,N
LPjakS,Snow Wit,5.7,North American Origin Ales,N
lPKfmK,Trip In The Woods Barrel Aged Narwhal w/Red & Black Currents,9.8,North American Origin Ales,N
LPQCSx,Trip In The Woods: Tawny Narwhal,11.4,British Origin Ales,N
lr1zya,Old Ale,6.9,British Origin Ales,N
LR5oG8,Dank Tank BSP Quad,11,Belgian And French Origin Ales,Y
lrTDM4,Torikumi,7.5,North American Origin Ales,N
lsUdvK,Simmer Down Brown,7,North American Origin Ales,N
lT9g7O,Beer Camp: Stout of the Union,7,North American Origin Ales,N
lUt8yP,Charkoota Rye,8.4,European-germanic Lager,N
LVghwn,Fusion 24,5.7,North American Origin Ales,N
LVSSPk,Double Latte - Beer Camp Across America,7.6,British Origin Ales,Y
lWygSS,471 Double IPA - Hull Melon,9.2,North American Origin Ales,N
Lx7DEm,Ovila Abbey Trippel,8.8,Belgian And French Origin Ales,N
LXWiDB,Bud Light Radler - Grapefuit,2.4,Hybrid/mixed Beer,N
lyc9as,Censored (Kronik),6.75,North American Origin Ales,N
mcvkTZ,Safari Amber,5,North American Origin Ales,N
MdlspB,Vienna Lager,4.7,European-germanic Lager,N
MDLWPq,De Achste Hond Peach Sour,7,North American Origin Ales,N
Me6YnI,Wheat Wine,11.5,North American Origin Ales,N
meCiGU,Imperial Red Ale - Beer Camp #65,8.1,North American Origin Ales,N
MFgb7Y,Javanilla Ten FIDY,10.5,North American Origin Ales,N
MgdJep,200th Anniversary Export Stout,6,Irish Origin Ales,N
mjPDnq,Mash Appeal,4.3,North American Lager,N
mjwrcO,Satellite Stout,5.5,North American Origin Ales,N
mobjLC,Budweiser Copper Lager,6.2,North American Lager,N
Mp3DgY,Two-Headed Ruthless Rye IPA,9.7,Hybrid/mixed Beer,N
MqTIG4,72 Imperial,7.2,North American Origin Ales,N
mrLL4r,Jack's Pumpkin Spice Ale,5.5,Hybrid/mixed Beer,N
MtJRP6,ESB,5.5,British Origin Ales,N
MTLa3r,Afternooner,4.6,Belgian And French Origin Ales,N
mUt5nB,G'Afternoon,6,North American Origin Ales,N
Mvh5U2,Single Hop Series: Liberty,5,North American Origin Ales,N
Mx9jQm,Harvest Wild Hop IPA - Neomexicanus Varietal,6.5,North American Origin Ales,N
mXym9s,Coffee Stout,6.2,North American Origin Ales,N
MZicx4,Hatchery Series 2 Mexican Style Lager,4.8,Hybrid/mixed Beer,N
MzoCPz,Bud Light Lime,4.2,North American Lager,N
N0usi0,Trip in the Woods Madeira Quad,10.5,Belgian And French Origin Ales,N
N5lJcK,Four Witches ,7.3,Belgian And French Origin Ales,N
n6p2aw,O'Doul's,0.5,Hybrid/mixed Beer,N
N87g0e,Shipwrecker Circus,10.5,British Origin Ales,N
n8itvA,Maillard's Odyssey,8.5,North American Origin Ales,N
N9aJxO,Oak Aged Mad Hatter India Pale Ale,7.22,North American Origin Ales,N
NAfiYn,Pine-Apple-Rita,8,Malternative Beverages,N
NamZiK,Guinness 250th Anniversary Stout,5,North American Origin Ales,N
nAr0mR,Belgian Blond,6.7,Belgian And French Origin Ales,N
NaTBQp,Juicy Dust,6.2,North American Origin Ales,N
nbVcip,Sour Inc: Sour Stout With Cherries,6.7,North American Origin Ales,N
NCsyAW,Raz-Ber-Rita,8,Malternative Beverages,N
ndBEW0,Xtra Time,4.4,Hybrid/mixed Beer,N
ndgIxK,Dragon's Milk Reserve with S'mores,11,North American Origin Ales,N
NE2Dpl,Dogs of Helles,4,European-germanic Lager,N
nF8WBb,Cuvée Mam'zelle,8.5,Belgian And French Origin Ales,N
NgU9h0,Black Shack Porter,5.3,British Origin Ales,N
NJL9oB,Noble Helles (Batch No. 32218),5,European-germanic Lager,N
nOFAoT,Hoptinite,8,North American Origin Ales,N
NoNhan,420 Extra Pale Ale,5.4,North American Origin Ales,N
nPSHXY,Green Monsta IPA,7.3,North American Origin Ales,N
NQwb75,Puck American Pale Ale,5.2,North American Origin Ales,N
NRRfYP,Harbin Lager,5.5,European-germanic Lager,N
NU4qr0,Bosden,6.8,North American Origin Ales,N
nvaDvZ,Eagle Rare Barrel Aged Scotch Ale,11.3,British Origin Ales,N
nvfMg1,Avalanche Ale,4.4,North American Origin Ales,N
nwNOxm,ZiegenBock Amber,4.9,North American Lager,N
nxU5Fn,Beer Camp: Dry-Hopped Barleywine-Style Ale,9.4,North American Origin Ales,N
NY86j7,Audition - Imperial Pilsner,8,North American Lager,N
NZ5gEX,Sour Cherry Ten FIDY,10,Hybrid/mixed Beer,N
NZakfr,Natural Light,4.2,North American Lager,N
O3nY32,Bernie Weisse,3.2,German Origin Ales,N
o4farp,Gravitation Collaboration,7.8,European-germanic Lager,N
O78ldO,1904 American Red Lager,5,North American Lager,N
O9XhOw,RIPA,5.9,Irish Origin Ales,N
OAko81,R. Prime,6.2,North American Origin Ales,N
Oawv0J,Hatchery series #4 Chocolate Milk Stout,5.4,British Origin Ales,N
oBALsi,Glissade Golden Bock,6.4,European-germanic Lager,N
oBponF,Oculto,6,North American Lager,N
oC1Ux4,Imperial Stout (Fudge And Sickle),9.9,North American Origin Ales,N
oEiXJV,Christmas Jam,4.2,Hybrid/mixed Beer,N
OFYff7,Envious,7.5,Hybrid/mixed Beer,N
OGHzdU,SweetWater Road Trip,5.2,North American Lager,N
OH98hq,Sinner's Son,12.4,North American Origin Ales,N
OhhDEr,Nooner Session IPA,4.8,North American Origin Ales,N
OIKxkJ,Kill Ugly Radio,7.8,North American Origin Ales,N
Oklbuw,Leghorn Rye IPA,6,North American Origin Ales,N
oLL7QN,German Style IPA,6.1,North American Origin Ales,N
ONdtij,Ovila Abbey Saison (w/ Mandarin Oranges and Peppercorns),7.5,Belgian And French Origin Ales,N
onllb0,Station 3,5.7,German Origin Ales,N
Ontrer,Chardonnay Barrel G'Knight,8.7,North American Origin Ales,N
Oobtwc,IceyPA,7,North American Origin Ales,N
OPM4t8,Mt. Takhoma Blonde Ale,3.8,Belgian And French Origin Ales,N
oqsjeJ,Steady As She Gose,5.7,German Origin Ales,N
oRKnzw,Ten Fidy - Bulleit Bourbon Barrel Aged,11,North American Origin Ales,N
Ota9wv,Añejo Tequila Barrel Aged Gubna,11,North American Origin Ales,N
otVuwu,Purebred A.P.A. Citra,6.2,North American Origin Ales,N
ov7fgF,Dank Tank Pulled Porter,7.7,British Origin Ales,N
OXcz6Z,Nice Things IPA,6.4,North American Origin Ales,N
OxvWPv,Floral IPA - Beer Camp #53,5.9,North American Origin Ales,N
oYED15,Blue Ridge Red,6.3,Irish Origin Ales,N
p0Qbef,Red Ryeot,6.5,Hybrid/mixed Beer,N
P2rD30,Snow Glare,6,North American Origin Ales,N
P3fflp,Bubbly Wit,7.1,Belgian And French Origin Ales,N
p6ZP0p,Summer Pils,5,North American Lager,N
P8KXUd,Single Hop Amarillo IPA,6.7,North American Origin Ales,N
P9Ly3t,Kilkenny Irish Cream Ale,4.3,Hybrid/mixed Beer,N
PB49EI,Sun Dog Amber Wheat,5.3,Hybrid/mixed Beer,N
Pb4Zwl,Thunder Stout,4.95,North American Origin Ales,N
pdLPeS,Bigfoot,9.6,North American Origin Ales,N
pDZET2,Night Tripper (2011),10.8,North American Origin Ales,N
peyS4P,Harvest Single Hop IPA - Equinox Hops,6.5,North American Origin Ales,N
pGqazY,Beer Camp Tropical IPA,6.7,North American Origin Ales,N
pkEofb,Black Cat Porter,5.2,British Origin Ales,N
Pni8Jo,Hop Stoopid,8,North American Origin Ales,N
pO0ouy,Triple Smoked Cubcrawler,6,Hybrid/mixed Beer,N
pOk8tL,The 1759,9,North American Origin Ales,N
pOUbfg,420 Fest,8,North American Origin Ales,N
pq9MUi,Gubna Barrel Aged,11,North American Origin Ales,N
PRRZBx,Brass & Blues,6.4,Belgian And French Origin Ales,N
PsFAwd,Full Circle,4.9,German Origin Ales,N
PSRi4b,Electric Ray,8.5,North American Origin Ales,N
pSVIAZ,BFD - Beer For Drinking,4.8,North American Origin Ales,N
pTHBWA,Beer Camp Hoppy Lager,7,North American Lager,N
ptlOzL,Hurricane High Gravity,8,North American Lager,N
Pwu2fR,Oktoberfest,6,North American Lager,Y
pYkVxn,Pacific Daylight,3.9,Hybrid/mixed Beer,N
pYXY7M,Whiplash,6.3,North American Origin Ales,N
pZEIiV,Breck IPA,6.3,North American Origin Ales,N
q5sbES,Beer Camp: Raspberry Sundae Ale,8,Hybrid/mixed Beer,N
Q5y7v5,Oktoberfest,6,North American Lager,N
qa1QZU,Cappuccino Stout,8.9,British Origin Ales,N
qACg0q,Oatmeal Stout ,5.5,British Origin Ales,N
qbeSzR,Guinness Blonde,5,North American Lager,N
QCvO04,Why Not?,6.5,Belgian And French Origin Ales,N
QD9dX7,Nooice,6.2,Belgian And French Origin Ales,N
QdCdco,Pele (Brazilian Pale Ale),7.1,International Ale Styles,N
QdPbTF,Born Yesterday,7.5,North American Origin Ales,N
QefHZY,Farmhouse Hatter,5.07,Belgian And French Origin Ales,N
QFJ250,Blantons Barrel Aged Scotch Ale,11.3,British Origin Ales,N
QFOApS,Hefe Proper Ale,4,German Origin Ales,Y
qGDeH1,2 x 4,8.7,Belgian And French Origin Ales,N
qGhR1j,Bud Ice,5.5,North American Lager,N
Qgkp3b,The Pit & The Pendulum,8.3,Hybrid/mixed Beer,N
qGQc7S,Ovila Belgian Golden Ale,8.5,Belgian And French Origin Ales,N
qgR2pv,DayTime Ale,4.65,North American Origin Ales,N
QHCtPE,Beer Camp: Dry Hopped Belgian Golden,8,North American Origin Ales,N
QhHBBX,Busch,4.6,North American Lager,N
QJZFnY,The Pit & The Pendulum with Cherries,6.1,Hybrid/mixed Beer,N
QkHinm,Passion Grass,5,North American Origin Ales,N
qOKA1F,Ruthless Rye IPA,6.6,North American Origin Ales,N
qpfWYm,India Farmhouse Ale,7.4,Belgian And French Origin Ales,N
qPgNWv,Tripper Noche,12.1,North American Origin Ales,N
qpPzL7,Bobolink,6.7,Belgian And French Origin Ales,N
qpyuqH,Hoppy Seconds,8.4,North American Origin Ales,N
qqOqX9,Chernigivske White,5,Hybrid/mixed Beer,N
qQPhVI,Oskar Blues IPA,6.43,North American Origin Ales,N
qQTYZ8,Ichabod Pumpkin Ale,5.2,Hybrid/mixed Beer,N
qQw3dE,Monkey King,5.6,Belgian And French Origin Ales,N
QSwjKh,Twisted Cedar,5.8,British Origin Ales,N
QtA7tb,Betsy's Revenge,4.5,Hybrid/mixed Beer,N
qUIYuC,Bigfoot,9.6,British Origin Ales,N
QuJNYq,Larry,7.5,North American Origin Ales,N
qvtSfO,Stoopid Wit,6,Belgian And French Origin Ales,N
qVUNwf,Night Tripper,10.8,North American Origin Ales,N
qX8i3E,Oskar the G’Rauch,8.5,Hybrid/mixed Beer,N
qxNOIk,Milk Stout,5.8,British Origin Ales,N
qXs21b,Hop Smack Double,8.1,Hybrid/mixed Beer,N
R1JD13,The Mutilator,7,European-germanic Lager,N
r1uQvZ,Lovebird Wheat,4.4,German Origin Ales,N
r4I50V,Ophelia,6.6,Hybrid/mixed Beer,N
R5Y92z,Ma Mère Spéciale,6,Belgian And French Origin Ales,N
R7UZkR,Wango Mango,6,Hybrid/mixed Beer,N
rbRRxm,Palé,7.1,North American Origin Ales,N
RcyKuX,Bretthead,6.1,North American Origin Ales,N
RDEj6L,Devil Dog Imperial IPA,10.8,North American Origin Ales,N
rDnNdd,Cuvée Soeur’ise,8.5,Belgian And French Origin Ales,N
RDSydO,Prince Myshkin,9,North American Origin Ales,N
Rg6aeS,Narwhal,10.2,North American Origin Ales,N
rHCSHp,Stout,5.8,North American Origin Ales,N
rJ51vR,Freedom Tickler,6.8,Belgian And French Origin Ales,N
Rj8PxJ,Hopfenweisse,5.7,Hybrid/mixed Beer,N
rjJiAx,White IPA - Asheville Beer Week,5.5,North American Origin Ales,Y
RK9Po6,Ale 20,5.7,North American Origin Ales,N
Rl3Yy9,Ten FIDY,10.5,North American Origin Ales,N
rRe2jl,Whole Lotta Lov,5.4,British Origin Ales,N
RsGMGn,Festive Ale,8.5,Hybrid/mixed Beer,N
RsTK7E,Dude of York,4.5,British Origin Ales,N
ruYTf6,Yippe Rye Aye!,5.9,Hybrid/mixed Beer,N
RVXI4q,McKercher's Keller Kolsch,5.2,German Origin Ales,N
Rx4Dnt,Bigfoot,9.6,North American Origin Ales,N
RXEBYd,Dragon's Milk Reserve Vanilla Chai,11,North American Origin Ales,N
Rxu5Bd,Bing Bing,6.8,North American Origin Ales,N
s1eqWg,Rainy Day Blues,6,Other Lager,N
S3xcp2,Gr8ful Anniversary Ale,5.2,Hybrid/mixed Beer,N
s5V8YM,Obliterator,10.5,European-germanic Lager,N
S9QxGf,Myron's Walk - Beer Camp Across America,5.3,Belgian And French Origin Ales,N
SaQFBA,Bud Ice Light,4.1,North American Lager,N
sAQpBR,Hoptimum,9.6,North American Origin Ales,N
SDUD8m,King Cobra,6,North American Lager,N
sfHgoE,Oktoberfest,6.2,North American Lager,Y
sghlNk,Cornlaboration,5.8,North American Lager,N
si7pxG,IPA,5.6,North American Origin Ales,N
sicuOa,Night Time,7.9,North American Origin Ales,N
SItgWZ,Lupu Lava Tropical IPA,6.8,North American Origin Ales,N
SjPBgM,Russ' Revival,5.3,North American Lager,N
SPbPNt,Beer Camp: Thai-Style Iced Tea,7.2,Hybrid/mixed Beer,N
StkEiv,Guinness Draught,4.3,Irish Origin Ales,N
svXHfu,A Little Sumpin' Sumpin',7.5,North American Origin Ales,N
sYYgGI,Squeeze Box,6.1,North American Origin Ales,N
SZbmSL,WTFarmhouse,8.41,Hybrid/mixed Beer,N
t0iVWe,Fresh Hops of Bel-Air,5.5,North American Origin Ales,N
T1YdsG,Chocolate Pretzel Stout,5.2,Hybrid/mixed Beer,N
t28a6A,Brandy Barrel-Aged Ten Fidy,10.5,North American Origin Ales,N
T64OoT,Trip In the Woods Biere De Garde,9.8,Belgian And French Origin Ales,N
t787n5,Holidale (2017),8.8,Hybrid/mixed Beer,N
T7K4um,Ovila Quad Brandy Barrel-Aged,10.1,Belgian And French Origin Ales,N
TavGRG,ESB - Early Spring Beer,5.9,North American Origin Ales,N
tDKmD5,Fresh Sticky Nugs,8,North American Origin Ales,N
TFcGop,The Down Low Ale,3.9,North American Origin Ales,N
tGCD2j,New Holland Brewing 20th Anniversary Ale,20,British Origin Ales,N
TLdF50,Rompo Red Rye Ale,5.6,Hybrid/mixed Beer,N
tLwMOd,Black Brew Bae,6.4,North American Origin Ales,N
TmGZKm,Two Hats Pineapple,4.2,North American Lager,N
TMp47T,Michigan Hatter,4.8,North American Origin Ales,N
tMseDR,Citrus And Vanilla Berlinerweisse,4.7,German Origin Ales,N
TOBHd9,No Middle Ground,6.9,North American Origin Ales,N
TPdvZt,Neomixicanus,6.5,North American Origin Ales,N
TpeMIM,Witbier with Grapefruit,7,Hybrid/mixed Beer,N
TpiDMC,Brown Shugga',9.9,North American Origin Ales,N
TQaDOh,Death By Coconut (Rum Barrel Aged),11.5,North American Origin Ales,N
Tqu2Of,Pandora's Bock,7.5,European-germanic Lager,Y
trEROu,Good Game,11,Belgian And French Origin Ales,N
ttJysx,Filthy Pumpkin,7.75,North American Origin Ales,N
tupCCv,Mean Joe Bean,8.5,British Origin Ales,N
tuyIzW,Hazy Memory,7.7,North American Origin Ales,N
TvAG7D,Uncle Bert's Farm Market Red,5.6,North American Lager,N
Tw2gsB,Sour Pineapple,6.1,North American Origin Ales,N
tw2Iw0,471 IPA. Aggressive Hoppiness,9.2,North American Origin Ales,Y
TxVKov,Trip in the Woods: Barrel Aged Ginger Bigfoot,11.4,North American Origin Ales,N
tZkS7X,Censored Imperial Stout,9.9,North American Origin Ales,N
u0mJPG,Man Full of Trouble,5,British Origin Ales,N
U7lF72,Grass Monkey,5.4,Hybrid/mixed Beer,N
uA3MVL,7 Birds,5,North American Lager,N
uAYQwf,Shadow's Wild Black,8,Hybrid/mixed Beer,N
UBcopK,Premium 219 Pilsner,4.7,North American Lager,N
uec7XF,Fusion 22,7.8,Hybrid/mixed Beer,N
ueYGTP,Budweiser 1933 Repeal Reserve,6.1,North American Lager,N
UFPFnA,Fusion 36: London Confusion,6.5,British Origin Ales,N
uHEs7N,Audition - Altbier,6.6,German Origin Ales,N
uhfEWi,Dragon's Milk Reserve Mexican Spice Cake,11,North American Origin Ales,N
UimBmb,Pumpkin Chub,8,Hybrid/mixed Beer,N
UJGpVS,16 So Fine Red Wheat Wine,11,North American Origin Ales,N
ul1jng,Four Hopsmen - Mandarina Bavaria Dry Hopped,5.2,North American Origin Ales,N
uL3sSR,Imperial Pumpkin,8,Hybrid/mixed Beer,N
ULacWY,Fils à Papa IV,6.5,Hybrid/mixed Beer,N
ULNeg7,Simcoe Pale Ale,5.2,North American Origin Ales,N
UmJ5Wm,Pecan Porter,8,British Origin Ales,N
unQfZE,Guinness Special Export,8,Irish Origin Ales,N
UPDwhn,Reeb Rye'd PA,7,Hybrid/mixed Beer,N
UTh8Gm,Dragon’s Milk Reserve: Mocha Mint,11,North American Origin Ales,N
utrZWH,Dubbel,7.4,Belgian And French Origin Ales,N
UuyWmA,Ovila Wood-Aged Saison,7.8,Belgian And French Origin Ales,N
Uwcqsj,Southern Hemisphere Hopped ESB,6,British Origin Ales,N
uXdZle,Ovila Abbey Brown Ale (With Mandarins and Cocoa),7,North American Origin Ales,N
uzbisB,Incorrigible Reserve,4.5,Hybrid/mixed Beer,N
UZD25d,Otra Vez,4.5,British Origin Ales,N
uzOl1k,SweetWater IPA,6.3,North American Origin Ales,N
v4KRep,20th Anniversary Imperial Hash IPA on Brett,9,North American Origin Ales,N
v5a7l8,Celebrator Beer News,9.3,North American Origin Ales,N
VdK5qM,Rye Way 117,7.4,Hybrid/mixed Beer,N
vf8QTx,Terra Incognita,8.5,Hybrid/mixed Beer,N
VFG5pL,GnarlyWine,10.6,North American Origin Ales,N
VgbSMs,Selkie,4.9,Irish Origin Ales,N
vIhSst,The Dogfather,10,North American Origin Ales,N
ViVJh6,CÔTE DE CHAMPLAIN,6.1,Hybrid/mixed Beer,N
vkoim1,Wicked Wheat IPA ,5.6,North American Origin Ales,N
vLTky5,Fusion 49,6.5,North American Origin Ales,N
vmmRA5,Bohemian Dock Street Pilsner,5,European-germanic Lager,N
vNwXnT,Busch Signature Copper Lager,5.7,North American Lager,N
voS2xG,Miller High Life,5,North American Lager,N
vpoGSw,Moxee-Moron,7.5,North American Origin Ales,N
vrGuPg,Liger Lager,6.9,North American Lager,N
Vuhegf,Dragon's Milk Reserve Triple-Mashed,11,North American Origin Ales,N
vuZYco,Kolsch,5,German Origin Ales,N
vXifKs,Dales T45 Dry Hop,6.5,North American Origin Ales,N
vxQzSS,Wally,7,North American Origin Ales,N
vz5JZ1,1794 The Fergal Project,4.5,North American Origin Ales,N
vzcxNZ,Dunkelweizen,5.5,German Origin Ales,N
W2dlxg,Bud Extra,6.6,Hybrid/mixed Beer,N
w7z0LS,Fusion 17,5.5,North American Origin Ales,Y
WaxgGo,Audition - Pilsner,5.2,North American Lager,N
WBe09U,Rock Candy Hoppy Red,7.5,North American Origin Ales,N
wC2GDZ,Torpedo Pilsner - Beer Camp Across America,5.2,North American Lager,N
WCKkkd,Now You Know,6.1,North American Origin Ales,N
WCPtV5,Golden Cap Saison Ale,6.25,Belgian And French Origin Ales,N
wDgaK8,A Beer Named Sue,5.7,Belgian And French Origin Ales,N
Wemgbs,Imperial Black IPA,7.3,North American Origin Ales,N
WFT0UY,Scare City 4 Imperial Wheat Wine,9.7,North American Origin Ales,N
whHlqc,Maillard's Odyssey - Beer Camp Across America,8.5,North American Origin Ales,N
WHKIRY,Cherry Hotside Sour,4.8,Hybrid/mixed Beer,N
WHQisc,Dragon's Milk,11,North American Origin Ales,N
wIRsU0,Cherry Vanilla Stout,5.5,North American Origin Ales,N
wJ9ull,Gravenstime,4.6,North American Origin Ales,N
WQsARu,Bud Light Orange,4.2,North American Lager,N
wRkDGh,Barrel Aged 471 IPA. Aggressive Hoppiness,9.2,North American Origin Ales,N
WUHF66,Rascal's Wild Red,8,Hybrid/mixed Beer,N
wXVeJD,Incorrigible,4.5,North American Origin Ales,N
wzCyVT,Blue,4.6,Hybrid/mixed Beer,N
x21pxt,XMas Chub,8,Hybrid/mixed Beer,N
x3B5d8,Trip in the Woods NARWHAL,9.8,Hybrid/mixed Beer,N
x3ijRg,Dank Tank: Some Strange II Black IPA,10,North American Origin Ales,N
x6bRxw,Ten FIDY,10.5,North American Origin Ales,N
x8Bv0f,Hoppy Floppy,7.5,North American Origin Ales,N
X8qNCS,Belgian-Style Blonde IPA,7.5,Belgian And French Origin Ales,N
x8U1bY,Harvest Fresh Hop IPA - Southern Hemisphere Harvest,6.7,North American Origin Ales,N
xcGtHr,Hoppy Anniversary IPA,5.9,North American Origin Ales,N
XDaNfi,Little Wolf,4.7,North American Origin Ales,N
xdvDOQ,Imperial White IPA - Brewery Lane Series,9,North American Origin Ales,N
XeZfaD,T.L.A. I.P.A.,5.7,North American Origin Ales,N
XFwk42,Hoppy Wheat IPA,6.2,North American Origin Ales,N
xg7BJX,Sticky Icky,6.5,North American Origin Ales,N
xh62VZ,Sneaky Pete,10,North American Origin Ales,N
XHB8Tj,Pilgrim's Dole,12,North American Origin Ales,N
XJ7ZBB,SweetWater SchWheat,4.9,Hybrid/mixed Beer,Y
xjSOtt,Barrel-Aged Porter,7.4,Hybrid/mixed Beer,N
xjwBeb,Fall Ball Red,8,North American Origin Ales,N
XlDXNh,River Ryed Rye IPA,6,Hybrid/mixed Beer,N
xLOOss,Mama's Little Yella Pils,5.3,European-germanic Lager,N
xlOpbL,The Hairy Eyeball,8.8,North American Origin Ales,N
Xmetdp,Hop Hunter IPA,6.2,North American Origin Ales,N
xMjKhw,Wintertide Ale,6,Hybrid/mixed Beer,N
xpBGZB,CANfusion - Beer Camp Across America,7.2,Hybrid/mixed Beer,N
xqbL8h,Fat Slim,5,North American Origin Ales,N
xrpjYO,Mighty Brown,7.5,North American Origin Ales,Y
XrRTUJ,Dales T90 Dry Hop,6.5,North American Origin Ales,N
XRsG9K,Kings Dish,6.8,Hybrid/mixed Beer,N
Xv2EIK,Tequiza,4.5,Other Lager,Y
xw3Nti,Karaoke Fail,6.7,North American Origin Ales,N
xwLUUb,Cream Ale,5,Hybrid/mixed Beer,N
xXEmDi,Fandom Ale Fusion XXXIX,5.5,Hybrid/mixed Beer,N
xXJuyA,Southern Hemisphere Harvest,6.7,North American Origin Ales,N
xZCUbm,Revered Red,5.4,North American Origin Ales,N
Xzoo8o,Natty Daddy,8,North American Lager,N
y5dpHI,Prisoner of Hell,8,Belgian And French Origin Ales,N
Y6iD9x,Dragon’s Milk Reserve with Raspberries,11,Hybrid/mixed Beer,N
Y6VFJW,Rye IPA,6.8,North American Origin Ales,N
Y8Ar6h,Miller Genuine Draft,4.66,North American Lager,N
Y9X4cN,Pat-Rye-Ot,5.6,North American Origin Ales,N
yagN3u,Miller64,2.8,North American Lager,N
YaI6zp,Fresh Hop - Mountain Series,6.2,North American Origin Ales,N
yBrlNu,Rocket Dog Rye I.P.A,6.9,North American Origin Ales,N
YBxI4X,El Mole Ocho,10,Hybrid/mixed Beer,N
YcAgdR,Warrior Bomb,5,North American Origin Ales,N
YCBXba,Bud Light Straw-Ber-Rita,8,Malternative Beverages,N
Yd8G8r,18th Anniversary Belgian Tripel,10,Belgian And French Origin Ales,N
Ydp0k0,Barrel-Aged Ten Fidy,12.9,North American Origin Ales,N
yEe3T6,Interstate SMASH Express - Calypso,7.1,North American Origin Ales,N
YEIMmF,Harvest Brewers Select IPA,6.6,North American Origin Ales,N
ygAzC9,Bigfoot,9.6,North American Origin Ales,N
ygnsjS,Hatchery Series 1 - Mosaic Hop IPA,6.4,North American Origin Ales,N
yh28GV,Sakitumi,9,Hybrid/mixed Beer,N
YH9nbt,Wally Junior,4.5,North American Origin Ales,N
Yjd19k,Bottle Rocket IPA,6.5,North American Origin Ales,N
yjsHPX,Passion Fruit Milkshake Ipa,6.2,North American Origin Ales,N
YmuNgG,Tasmanian Hatter,7,North American Origin Ales,N
yn4ODI,Ale Communication,7.8,North American Origin Ales,N
yoGDFl,Black Eye PA,7.5,North American Origin Ales,N
yORSh7,Bourbon Barrel Aged Imperial Stout,11.2,North American Origin Ales,N
Yq3v6n,Guinness Black Lager,4.5,European-germanic Lager,N
YrOqvr,Nitro Irish Stout,4.8,Irish Origin Ales,N
YSLzio,Hop Bullet IPA,8,North American Origin Ales,N
ysyw2P,Bigfoot,9.6,North American Origin Ales,N
YUaX19,Holiday Ale (2011),7.6,Hybrid/mixed Beer,N
YUVOGh,Oktoberfest Marzen Lager,5.4,North American Lager,N
Yuzbjs,Irish Wheat,5.3,Hybrid/mixed Beer,N
YViUzm,Extra Time,5.8,European-germanic Lager,N
YVWopx,Return of the Red Eye IPA,6.5,North American Origin Ales,N
YWt2Ld,Moving To the Country,5,North American Origin Ales,N
YXPOTZ,Bamberg Helles,5.2,European-germanic Lager,N
yxUgyc,Black Cat Stout,5.5,North American Origin Ales,N
Yzokxa,Harp Premium Imported Lager,4.5,North American Lager,N
yZruL5,Fusion 48,8.3,North American Origin Ales,N
YZXVKq,25th Anniversary,9.8,North American Origin Ales,N
Z10a03,Chico King - Beer Camp Across America,6.5,North American Origin Ales,N
Z1g2ua,Hoptronix,9,North American Origin Ales,N
Z4LnaP,Second Helping IPA,7.4,North American Origin Ales,N
z71HIM,Sierra Nevada Torpedo Cask,7.2,North American Origin Ales,N
z8iAm9,Beer Camp: East Meets West IPA,7,North American Origin Ales,N
z9eSax,EXPERIMENTAL HOP PILSNER,5.5,North American Lager,N
zAC6PV,Regal Pilsner,7,North American Lager,N
zc3p4y,Dank Tank: Smokey and the Brett,7.3,North American Origin Ales,N
zcGmvP,Sour Inc: Honey Ginger,4.5,North American Origin Ales,N
zD2FYX,Hefeweizen,4,German Origin Ales,N
zd3xxc,Centennial Hop Mountain Marzen (Batch No. 80524),5.9,North American Lager,N
Zd8Cxd,American Summer Hoppy Wit,6,Belgian And French Origin Ales,N
ZDbYzs,Dragon's Milk Reserve Coconut Rum,11,North American Origin Ales,N
zdjQs9,Northdown,4.1,British Origin Ales,N
zDUkcd,Lost Dune,5.5,Hybrid/mixed Beer,N
zfP2fK,12th Of Never,5.5,North American Origin Ales,N
zGsXaD,Harvest Single Hop Mandarina Hops,6.5,North American Origin Ales,N
zhzeah,Cherry Jane,5.5,North American Origin Ales,N
ZJdowf,Beerhive,8.47,Belgian And French Origin Ales,N
zJigjF,Spinnerbait,6,Belgian And French Origin Ales,N
ZJJ8yY,Dragon's Milk Reserve: Cherry Chocolate,11,North American Origin Ales,N
ZK2Swv,Beer Camp: Atlantic-Style Vintage Ale,8.5,British Origin Ales,N
zkfPGW,Rompo Red Rye (Bourbon Barrel Aged),5.2,Hybrid/mixed Beer,N
ZliVSZ,Nitro Lucky U IPA,5.7,North American Origin Ales,N
zLqnaW,Barrel Aged Nuovo Record,13.5,German Origin Ales,N
zpvlri,Christmas Chub,8,Hybrid/mixed Beer,N
ZQkBoF,Bearwalker Barrel Aged Double Maple,6,North American Origin Ales,N
ZQKG7N,One Nut,6.1,North American Origin Ales,N
zqS7ze,Bigfoot,9.6,North American Origin Ales,N
zrqusY,Audition - Dark Ale,8.5,North American Origin Ales,N
ZRujA6,Hotbox Coffee IPA,7.2,North American Origin Ales,N
ZSCpkz,Harvest Wet Hop IPA - Northern Hemisphere Harvest,6.7,North American Origin Ales,N
zTJ86p,Rye Hatter,6.12,Hybrid/mixed Beer,N
ztJYpI,Harp Lager,5,North American Lager,N
zTTWa2,11.5° PLATO,4.5,North American Origin Ales,N
ZVmIsO,Golden Flash,5.7,British Origin Ales,N
zYJxUM,Cabin Fever,6.5,North American Origin Ales,N
ZYOCUN,Mixxtail Firewalker,8,Malternative Beverages,N
ZyZ1g3,Strawberry White Pale Ale,5.1,North American Origin Ales,N
ZzpzSy,Tickled Pink,6.6,Belgian And French Origin Ales,N
