,ID,Name,ABV,Style,Is Retired
0,T1YdsG,Chocolate Pretzel Stout,5.2,Hybrid/mixed Beer,N
1,INJWpy,Imperial Stout,9.9,North American Origin Ales,N
2,ztJYpI,Harp Lager,5,North American Lager,N
3,JSTPos,Monkey King Saison Farmhouse Ale,6.6,Belgian And French Origin Ales,N
4,n8itvA,Maillard's Odyssey,8.5,North American Origin Ales,N
5,WQsARu,Bud Light Orange,4.2,North American Lager,N
6,HgMkeg,Bonnaroo Brew,4.8,Belgian And French Origin Ales,N
7,DsrVwL,Hibiscus Strawberry Gose,4,German Origin Ales,N
8,Pni8Jo,Hop Stoopid,8,North American Origin Ales,N
9,aSdzxF,Ten FIDY (2016),10.5,North American Origin Ales,N
10,h331gl,Beer Camp: White IPA with Yuzu,7,North American Origin Ales,N
11,dWISHQ,Lagunator,7.9,North American Lager,N
12,CtqQJb,Imperial Hatter,9.4,North American Origin Ales,N
13,0I5b84,Double DeBOCKel,9.4,European-germanic Lager,N
14,NRRfYP,Harbin Lager,5.5,European-germanic Lager,N
15,C7bzqV,Cranberry Kolsch,5,German Origin Ales,N
16,CD9BLy,Harmon Killerbrew,7.6,Irish Origin Ales,N
17,xjwBeb,Fall Ball Red,8,North American Origin Ales,N
18,Xv2EIK,Tequiza,4.5,Other Lager,Y
19,GTbXLB,Cambium,5.8,Hybrid/mixed Beer,N
20,lUt8yP,Charkoota Rye,8.4,European-germanic Lager,N
21,Wemgbs,Imperial Black IPA,7.3,North American Origin Ales,N
22,dS0wsG,Mango Mosaic Pale Ale,5.5,North American Origin Ales,N
23,qXs21b,Hop Smack Double,8.1,Hybrid/mixed Beer,N
24,G8qBXI,Super Cluster,8,North American Origin Ales,N
25,3dsDxX,Clean Sweep,3.5,North American Origin Ales,N
26,LOVCKl,Night Tripper Barrel Aged,10.8,North American Origin Ales,N
27,yjsHPX,Passion Fruit Milkshake Ipa,6.2,North American Origin Ales,N
28,Fhw2NF,7 Cities Pilsner,5,North American Lager,N
29,Zd8Cxd,American Summer Hoppy Wit,6,Belgian And French Origin Ales,N
30,04k0TG,Casper The Friendly Gose,5,German Origin Ales,N
31,FW35fB,High Life Light,4.5,North American Lager,N
32,cOSoch,Dire Wolf,6.2,North American Origin Ales,N
33,qGhR1j,Bud Ice,5.5,North American Lager,N
34,DvxCJ2,Barrel Aged Twenty Five,9.8,North American Origin Ales,N
35,pGqazY,Beer Camp Tropical IPA,6.7,North American Origin Ales,N
36,AXkM1P,New England IPA,7.5,North American Origin Ales,N
37,zqS7ze,Bigfoot,9.6,North American Origin Ales,N
38,a1DUfG,Cool Breeze,4.9,Belgian And French Origin Ales,N
39,4U8cc8,High Sierra FestivAle,5.2,North American Origin Ales,N
40,FfmdpM,Juicy Wolf,4.8,North American Origin Ales,N
41,YcAgdR,Warrior Bomb,5,North American Origin Ales,N
42,TxVKov,Trip in the Woods: Barrel Aged Ginger Bigfoot,11.4,North American Origin Ales,N
43,PsFAwd,Full Circle,4.9,German Origin Ales,N
44,a29mU4,Little Birdy,6.9,North American Origin Ales,N
45,bztkAM,Rhizing Bines,8,North American Origin Ales,Y
46,1yMrDb,Pils,6.2,European-germanic Lager,N
47,l5VbnF,Sweetwater Dank Tank Big Ol' Belgian Blue Balls,9,Hybrid/mixed Beer,N
48,kusLBU,Existential,11.1,North American Origin Ales,N
50,lPKfmK,Trip In The Woods Barrel Aged Narwhal w/Red & Black Currents,9.8,North American Origin Ales,N
51,kZ5YoL,VT Haze,4.1,North American Origin Ales,N
52,FNByFy,Knightro,4.6,Irish Origin Ales,N
54,i1jKN5,Spring Heat Spiced Wheat,5.2,Belgian And French Origin Ales,Y
55,dTCluj,Fusion 40,8.5,North American Origin Ales,N
56,YXPOTZ,Bamberg Helles,5.2,European-germanic Lager,N
57,cXEnHS,Tequila Barrel-Aged Ophelia,6.6,Hybrid/mixed Beer,N
58,8PsCAg,Bigfoot,9.6,North American Origin Ales,N
59,rRe2jl,Whole Lotta Lov,5.4,British Origin Ales,N
60,t9aucT,Bud Light Chelada,4.2,North American Lager,N
61,9HcWSd,Bigfoot,9.6,North American Origin Ales,N
62,AI17Hf,Fumble Brewski,4.5,North American Lager,N
63,zrqusY,Audition - Dark Ale,8.5,North American Origin Ales,N
64,XDaNfi,Little Wolf,4.7,North American Origin Ales,N
65,QdPbTF,Born Yesterday,7.5,North American Origin Ales,N
66,Ontrer,Chardonnay Barrel G'Knight,8.7,North American Origin Ales,N
67,pkEofb,Black Cat Porter,5.2,British Origin Ales,N
68,KY5gtZ,Celebration Ale,6.8,North American Origin Ales,N
69,eBelPz,Stone Mill Organic Pale Ale,5.5,North American Origin Ales,N
70,CScss3,Yonder Bock - Beer Camp Across America,7.7,European-germanic Lager,N
72,8pAabO,CitruSinensis,7.9,North American Origin Ales,N
73,6AcqY6,Agave Wheat,5.9,Hybrid/mixed Beer,N
74,ZSCpkz,Harvest Wet Hop IPA - Northern Hemisphere Harvest,6.7,North American Origin Ales,N
76,OAko81,R. Prime,6.2,North American Origin Ales,N
77,SItgWZ,Lupu Lava Tropical IPA,6.8,North American Origin Ales,N
78,Lx7DEm,Ovila Abbey Trippel,8.8,Belgian And French Origin Ales,N
79,0tWTUV,Tmavé,5.4,European-germanic Lager,N
80,0s57EN,Hash Brown,6.2,North American Origin Ales,N
81,7z8RTq,3 Weight,4,North American Origin Ales,N
82,JaS6T7,Torpedo Extra IPA,7.2,North American Origin Ales,N
83,xXJuyA,Southern Hemisphere Harvest,6.7,North American Origin Ales,N
84,KcLuc7,Johnny Berliner,4,German Origin Ales,N
85,NoNhan,420 Extra Pale Ale,5.4,North American Origin Ales,N
86,9Qr0BU,Narwhal Tawny Port Barrel Aged,11.4,North American Origin Ales,N
87,GwYXdk,Brux,8.3,Hybrid/mixed Beer,N
88,g7a7Uo,Four Hopsmen - HBC 472,5.2,North American Origin Ales,N
89,Qgkp3b,The Pit & The Pendulum,8.3,Hybrid/mixed Beer,N
90,x3B5d8,Trip in the Woods NARWHAL,9.8,Hybrid/mixed Beer,N
91,CLsadV,Sans Souci,5.9,Belgian And French Origin Ales,N
92,2CRlqm,Bigfoot,9.6,North American Origin Ales,N
93,FnRwC6,Take Two Pils,5.5,European-germanic Lager,N
94,QFJ250,Blantons Barrel Aged Scotch Ale,11.3,British Origin Ales,N
95,3PGxCQ,Cuvée Jeune Homme,6.5,Hybrid/mixed Beer,N
96,rjJiAx,White IPA - Asheville Beer Week,5.5,North American Origin Ales,Y
97,5ErplG,Tater Ridge - Beer Camp Across America,7,British Origin Ales,N
98,guH320,Chaka,8,Belgian And French Origin Ales,N
99,7bnlRC,Rye Cocoa Porter - ScareCity #2,10.2,North American Origin Ales,N
100,tZkS7X,Censored Imperial Stout,9.9,North American Origin Ales,N
101,InYD5U,Wild Blue Blueberry Lager,8,Belgian And French Origin Ales,N
102,Bk34Go,Vanilla Porter,5.4,British Origin Ales,N
103,IzBcZt,Scotch-Style Ale,7.3,British Origin Ales,N
104,epip51,Long Steam IPA,5.8,North American Origin Ales,N
105,G2Vi1J,Budweiser Select,4.3,North American Lager,N
106,YaI6zp,Fresh Hop - Mountain Series,6.2,North American Origin Ales,N
107,JsJS48,There and Back - Beer Camp Across America,5.6,British Origin Ales,N
108,XlDXNh,River Ryed Rye IPA,6,Hybrid/mixed Beer,N
109,K6s9S1,Smoke on The Water,7,Hybrid/mixed Beer,N
110,cByN2F,Otra Vez Gose With Lime & Agave,4.9,British Origin Ales,N
112,4sdq0d,Bigfoot,9.6,North American Origin Ales,N
113,GIO3Xe,Red-oric - Beer Camp #65 (Best Of Beer Camp: Imperial Red Ale),8,North American Origin Ales,N
114,peyS4P,Harvest Single Hop IPA - Equinox Hops,6.5,North American Origin Ales,N
115,S3xcp2,Gr8ful Anniversary Ale,5.2,Hybrid/mixed Beer,N
116,iNpc02,Maple Scotch-Style Ale,7.3,British Origin Ales,N
117,MTLa3r,Afternooner,4.6,Belgian And French Origin Ales,N
118,CEVOre,Mai-nd-Bockling,6,European-germanic Lager,N
119,AQE3Sx,Summer Session,5,Hybrid/mixed Beer,N
120,X8qNCS,Belgian-Style Blonde IPA,7.5,Belgian And French Origin Ales,N
121,xMjKhw,Wintertide Ale,6,Hybrid/mixed Beer,N
122,JR5uca,White Lightning ,6.5,North American Origin Ales,N
123,CU1fkx,Harvest Newly Developed Hop IPA (2015),6.5,North American Origin Ales,N
124,QJZFnY,The Pit & The Pendulum with Cherries,6.1,Hybrid/mixed Beer,N
125,YEIMmF,Harvest Brewers Select IPA,6.6,North American Origin Ales,N
126,Ydp0k0,Barrel-Aged Ten Fidy,12.9,North American Origin Ales,N
127,IyyejS,Anubis Imperial Coffee Porter,8,British Origin Ales,N
128,3neLUw,Hoppy Amber Ale - Mountain Series,6.4,North American Origin Ales,N
130,lAM2hZ,Unibrown,7.1,North American Origin Ales,N
131,FDpmPR,Crank Tank Rye'd Ale,6.2,Hybrid/mixed Beer,N
132,gVuwQ6,Shameless McDale,4.8,Irish Origin Ales,N
134,s5V8YM,Obliterator,10.5,European-germanic Lager,N
135,eueVi6,Beer Camp: Dunkle Weisse,5.7,German Origin Ales,N
136,GnPJde,Holidale (2016),10.3,Hybrid/mixed Beer,N
137,iYbsQ5,Fohn,4.7,European-germanic Lager,N
138,NZ5gEX,Sour Cherry Ten FIDY,10,Hybrid/mixed Beer,N
139,OIKxkJ,Kill Ugly Radio,7.8,North American Origin Ales,N
140,FtZRre,Sidcar Orange IPA,6.8,North American Origin Ales,N
141,qxNOIk,Milk Stout,5.8,British Origin Ales,N
143,pTHBWA,Beer Camp Hoppy Lager,7,North American Lager,N
144,J2UGn1,Baltic Anomaly,8.5,Other Lager,N
145,VdK5qM,Rye Way 117,7.4,Hybrid/mixed Beer,N
146,5pJqvf,Willett Bourbon Barrel Aged Imperial Stout,11.5,North American Origin Ales,N
148,EkVPnE,Nitro Orange Cream Ale,5.5,Hybrid/mixed Beer,N
149,00CxqR,Nut Brown Ale,5.2,North American Origin Ales,N
150,Cn8hSH,Fusion 23,7,North American Origin Ales,N
151,7zuKpR,Philly Tripel Plan B,8,Belgian And French Origin Ales,N
152,FMWVLR,Puget Brown Porter,5.6,British Origin Ales,N
153,zD2FYX,Hefeweizen,4,German Origin Ales,N
154,Yuzbjs,Irish Wheat,5.3,Hybrid/mixed Beer,N
155,RDEj6L,Devil Dog Imperial IPA,10.8,North American Origin Ales,N
156,bHDV83,Dirty Blonde Ale,4.5,North American Origin Ales,N
159,cPLFNf,Tropical Lover,4.3,North American Origin Ales,N
160,AVcFA8,Imperial Pecan Porter,9,North American Origin Ales,N
161,iJ329Y,19 - Golden Belgian Style Ale,7,Hybrid/mixed Beer,N
162,bnURKM,Paleooza,4.4,North American Origin Ales,N
163,2VR5QQ,Hop And Sour,4.4,North American Origin Ales,N
164,BUVVgt,Tropical Mama’s,5.3,North American Lager,N
165,Pwu2fR,Oktoberfest,6,North American Lager,Y
166,ABoSrf,The Waldos’ Special Ale (2018),11.3,North American Origin Ales,N
168,E5i29p,Mandarina Bavaria,4.9,European-germanic Lager,N
169,44mN7a,Ten FIDY,10.5,North American Origin Ales,N
170,l7irOy,Weizenbock - Beer Camp #37,6.8,German Origin Ales,N
171,KfC3l9,Spanglish Fly,8,Belgian And French Origin Ales,N
172,G5Uxww,Single Hop El Dorado Session IPA,4.6,North American Origin Ales,N
173,2FgZ04,Mountain Series: Salted Caramel Brown,6.5,North American Origin Ales,N
174,ULacWY,Fils à Papa IV,6.5,Hybrid/mixed Beer,N
175,hImGQV,Braupakt,6,German Origin Ales,N
176,HO9ROw,Ovila Abbey White,5.3,Belgian And French Origin Ales,N
177,8ugUQF,Audition - Belgian-Style Pale Ale,5.3,Belgian And French Origin Ales,N
179,Me6YnI,Wheat Wine,11.5,North American Origin Ales,N
180,OFYff7,Envious,7.5,Hybrid/mixed Beer,N
181,14UQ4N,Snowman Stout,5.2,North American Origin Ales,N
183,30zzKy,Busch Light,4.1,North American Lager,N
184,esFZwY,G'Knight Imperial Red IPA,8.7,Hybrid/mixed Beer,N
187,CwbQiB,Grand Royal,8.3,North American Origin Ales,N
188,ZK2Swv,Beer Camp: Atlantic-Style Vintage Ale,8.5,British Origin Ales,N
189,lsUdvK,Simmer Down Brown,7,North American Origin Ales,N
190,dlm9nV,Single Hop Citra IPL,5.5,North American Lager,N
191,DQW0WA,Belgian Crush,5.7,Belgian And French Origin Ales,N
192,tGCD2j,New Holland Brewing 20th Anniversary Ale,20,British Origin Ales,N
194,dqKU6w,Single Hop Cascade IPA,6.3,North American Origin Ales,N
195,XeZfaD,T.L.A. I.P.A.,5.7,North American Origin Ales,N
196,4nRKTH,DevESTATEtion,6.7,North American Origin Ales,N
198,HIwvra,Barrel-Aged Bigfoot (Whiskey Barrels),11.9,North American Origin Ales,N
200,aWUHyv,Mozango (Fusion XXXI),9,North American Origin Ales,N
201,EzaTJ3,Runway IPA,6.2,International Ale Styles,N
202,E6kkPh,Black Mad Hatter India Pale Ale,5.56,North American Origin Ales,N
203,3WxXFm,India Pale Ale IPA,6.4,North American Origin Ales,N
204,fekpJv,Blackstrap Fever,6.1,British Origin Ales,N
205,276GV8,Funkytown,6,Hybrid/mixed Beer,N
206,qQTYZ8,Ichabod Pumpkin Ale,5.2,Hybrid/mixed Beer,N
207,WHQisc,Dragon's Milk,11,North American Origin Ales,N
208,CU2xRZ,G'Knight (Breckenridge Whiskey Barrel Aged),8.7,North American Origin Ales,N
209,R5Y92z,Ma Mère Spéciale,6,Belgian And French Origin Ales,N
210,KuflHE,Tropical Torpedo,6.7,North American Origin Ales,N
211,SPbPNt,Beer Camp: Thai-Style Iced Tea,7.2,Hybrid/mixed Beer,N
212,HaN457,Rustiek-Barrel Aged Belgian Amber Ale,9.4,North American Origin Ales,N
213,nAr0mR,Belgian Blond,6.7,Belgian And French Origin Ales,N
214,lrTDM4,Torikumi,7.5,North American Origin Ales,N
215,JUjEnp,Miller Chill,4.1,North American Lager,N
216,6fJQfz,Fils À Papa V,8.5,Belgian And French Origin Ales,N
218,zfP2fK,12th Of Never,5.5,North American Origin Ales,N
219,kvklwS,Bayside Black IPA,7.1,North American Origin Ales,N
220,ueYGTP,Budweiser 1933 Repeal Reserve,6.1,North American Lager,N
221,QtA7tb,Betsy's Revenge,4.5,Hybrid/mixed Beer,N
223,Rxu5Bd,Bing Bing,6.8,North American Origin Ales,N
228,8lo5KQ,Dragon's Milk Reserve: Mexican Spice Cake,11,North American Origin Ales,N
229,voS2xG,Miller High Life,5,North American Lager,N
230,DNAmvo,LowRYEder IPA,6.2,Hybrid/mixed Beer,N
231,DmCMSF,London Calling English Porter Cask,5.3,North American Origin Ales,N
233,8qafAu,Golden Ale,4.5,North American Origin Ales,N
234,kuAItj,Trademark Pale Ale,5.7,North American Origin Ales,N
235,I1L4J0,Quinn's Amber Ale,4.8,North American Origin Ales,N
236,jNqqVQ,Jenny Scream Ale,5.3,Hybrid/mixed Beer,N
237,J9xszw,Guinness Foreign Extra,7.5,Irish Origin Ales,N
239,1XAbSf,Foam Pilsner,5.6,North American Lager,N
240,avUZok,Ground Score,7.1,North American Origin Ales,N
242,StkEiv,Guinness Draught,4.3,Irish Origin Ales,N
243,UZD25d,Otra Vez,4.5,British Origin Ales,N
244,wRkDGh,Barrel Aged 471 IPA. Aggressive Hoppiness,9.2,North American Origin Ales,N
246,UuyWmA,Ovila Wood-Aged Saison,7.8,Belgian And French Origin Ales,N
249,babLje,Sucks,8,North American Origin Ales,N
250,8ftXVJ,Six Grain Harvest Lager (Batch No. 63118),5.5,North American Lager,N
251,qqOqX9,Chernigivske White,5,Hybrid/mixed Beer,N
253,HiunCp,Gingerbread Old Chub,8,British Origin Ales,N
254,1EDyEY,Smaug's Breath,11,British Origin Ales,N
255,MDLWPq,De Achste Hond Peach Sour,7,North American Origin Ales,N
256,kVKPX7,Hop Harmony,6.7,North American Origin Ales,N
258,0T4pOY,Bigfoot Barrel-Aged,12.2,North American Origin Ales,N
260,ZJJ8yY,Dragon's Milk Reserve: Cherry Chocolate,11,North American Origin Ales,N
261,ZYOCUN,Mixxtail Firewalker,8,Malternative Beverages,N
263,1cLpJP,Beerito,4,European-germanic Lager,N
264,2yXCVa,Sumpin' Easy Ale,5.7,North American Origin Ales,N
266,bM2eLl,Red Between the Lines,6.2,North American Origin Ales,N
268,zc3p4y,Dank Tank: Smokey and the Brett,7.3,North American Origin Ales,N
270,Tw2gsB,Sour Pineapple,6.1,North American Origin Ales,N
271,dODEDo,Spruce Beersteen,6,North American Origin Ales,N
274,TmGZKm,Two Hats Pineapple,4.2,North American Lager,N
275,GboTWT,Censored Rich Copper Ale,6.75,North American Origin Ales,N
276,lEPIZg,Audition - Pale Ale,6.5,North American Origin Ales,N
278,coUX1m,Gubna,10,North American Origin Ales,N
279,n6p2aw,O'Doul's,0.5,Hybrid/mixed Beer,N
280,PB49EI,Sun Dog Amber Wheat,5.3,Hybrid/mixed Beer,N
281,dNnIWw,Kate The Great Russian Imperial Stout,9.5,North American Origin Ales,N
285,8rc5kA,Wachusetts IPA,5.6,North American Origin Ales,N
286,JzR6cK,Bavarian-Styled Doppel Weizen,9,German Origin Ales,N
287,OXcz6Z,Nice Things IPA,6.4,North American Origin Ales,N
288,0NyrGZ,Through the Brambles,6.3,Hybrid/mixed Beer,N
289,R1JD13,The Mutilator,7,European-germanic Lager,N
290,t787n5,Holidale (2017),8.8,Hybrid/mixed Beer,N
293,NJL9oB,Noble Helles (Batch No. 32218),5,European-germanic Lager,N
296,mrLL4r,Jack's Pumpkin Spice Ale,5.5,Hybrid/mixed Beer,N
297,bQk5Rn,Budweiser Freedom Reserve,5.4,North American Lager,N
298,JOxnlJ,Hop Dog Harvest Pale Ale,6.2,North American Origin Ales,N
300,htbWwF,Imperial Red Ale,7.8,North American Origin Ales,N
301,qGDeH1,2 x 4,8.7,Belgian And French Origin Ales,N
302,YZXVKq,25th Anniversary,9.8,North American Origin Ales,N
303,WHKIRY,Cherry Hotside Sour,4.8,Hybrid/mixed Beer,N
304,yagN3u,Miller64,2.8,North American Lager,N
305,wJ9ull,Gravenstime,4.6,North American Origin Ales,N
306,nvfMg1,Avalanche Ale,4.4,North American Origin Ales,N
308,si7pxG,IPA,5.6,North American Origin Ales,N
309,fDmp62,Crye Me A River,5.6,Hybrid/mixed Beer,N
310,kzMoR5,Wild Thang,5,North American Origin Ales,N
312,VgbSMs,Selkie,4.9,Irish Origin Ales,N
315,4A41PO,Barrel-Aged Torpedo Extra IPA,8.5,North American Origin Ales,N
316,JK8eXb,Trip In the Woods: Cocoa Coconut Narwhal,11.8,North American Origin Ales,N
317,NgU9h0,Black Shack Porter,5.3,British Origin Ales,N
318,4eYvNS,TuberFest,7.5,North American Lager,N
320,etD9Ry,Mungo Berry,4.8,North American Origin Ales,N
321,ct0Hxz,Charkoota Rye,9.35,European-germanic Lager,N
322,L6Lk8r,Plum Jasmine Gose,9.6,North American Origin Ales,N
323,SZbmSL,WTFarmhouse,8.41,Hybrid/mixed Beer,N
324,1FBXjy,Fresh Hop IPA,6.4,North American Origin Ales,N
326,ctjbwM,SweetWater Festive Ale,8.5,Hybrid/mixed Beer,N
327,ePh6fw,Flipside Red IPA,6.2,North American Origin Ales,N
331,FK6HtH,Harvest Single Hop Yakima #291,6.5,North American Origin Ales,N
332,Hh3VFp,Cinnister Stout,5,North American Origin Ales,N
333,zhzeah,Cherry Jane,5.5,North American Origin Ales,N
334,2wvRmF,Dragon's Milk Reserve with Toasted Chilies,11,North American Origin Ales,N
335,meCiGU,Imperial Red Ale - Beer Camp #65,8.1,North American Origin Ales,N
336,BceaoL,Hummer,5.1,Belgian And French Origin Ales,N
337,YWt2Ld,Moving To the Country,5,North American Origin Ales,N
339,AdHXWs,Imperial Pils,8.6,North American Lager,N
340,ATFslo,Sweet Sunny South,4.9,Belgian And French Origin Ales,N
342,gVynTw,India Pale Ale,6.8,North American Origin Ales,N
343,RXEBYd,Dragon's Milk Reserve Vanilla Chai,11,North American Origin Ales,N
345,GNtxMV,Fusion 39,5.5,North American Origin Ales,N
348,mUt5nB,G'Afternoon,6,North American Origin Ales,N
349,PSRi4b,Electric Ray,8.5,North American Origin Ales,N
350,ttJysx,Filthy Pumpkin,7.75,North American Origin Ales,N
351,Bzl1Jw,Solar Coaster,6.1,Hybrid/mixed Beer,N
353,gkSM7N,Guinness Dublin Porter,3.8,Irish Origin Ales,N
355,7Yytym,Wilco Tango Foxtrot,7.8,North American Origin Ales,N
357,vpoGSw,Moxee-Moron,7.5,North American Origin Ales,N
358,KPu2Ot,Festival Bier,6,North American Lager,N
359,cvma3B,The Dogfather Imperial Stout - Bourbon Barrel,10.85,British Origin Ales,N
362,4GgbWG,Draught-Style Pale Ale,5,North American Origin Ales,N
364,yxUgyc,Black Cat Stout,5.5,North American Origin Ales,N
366,KJIjyd,Miller Lite,4.2,North American Lager,N
367,7dkC8e,Deviant Dale’s,8,North American Origin Ales,N
368,BlcFcv,Dank Tank Magnum IP,9,European-germanic Lager,Y
369,AC98pm,Earth Day EPA,5.2,British Origin Ales,N
372,RsTK7E,Dude of York,4.5,British Origin Ales,N
374,7SC2N0,Southern Hemisphere Session IPA,4.6,North American Origin Ales,N
375,17KZDP,Bella Czech Pils,5.3,International Styles,N
376,0K21pW,Porter,5.6,British Origin Ales,N
379,LR5oG8,Dank Tank BSP Quad,11,Belgian And French Origin Ales,Y
380,FbD1pJ,Taz IPA,6,North American Origin Ales,N
381,4fKoj3,Black Crown,6,North American Lager,N
382,oqsjeJ,Steady As She Gose,5.7,German Origin Ales,N
384,lDDTXD,Ryeday the 13th,5.5,Hybrid/mixed Beer,N
385,xlOpbL,The Hairy Eyeball,8.8,North American Origin Ales,N
386,8Ug3hm,Oxford Education,7.3,British Origin Ales,N
387,nPSHXY,Green Monsta IPA,7.3,North American Origin Ales,N
390,D4I0lX,Stone Cold Peach,5.6,Belgian And French Origin Ales,N
391,IDxKzR,High West-ified Imperial Coffee Stout,12.2,North American Origin Ales,N
393,x21pxt,XMas Chub,8,Hybrid/mixed Beer,N
395,R7UZkR,Wango Mango,6,Hybrid/mixed Beer,N
398,Hb6O3U,Happy Ending,9,North American Origin Ales,N
400,35wxef,Extra Stout,5.3,Irish Origin Ales,N
401,WaxgGo,Audition - Pilsner,5.2,North American Lager,N
402,UmJ5Wm,Pecan Porter,8,British Origin Ales,N
406,Y9X4cN,Pat-Rye-Ot,5.6,North American Origin Ales,N
407,yORSh7,Bourbon Barrel Aged Imperial Stout,11.2,North American Origin Ales,N
408,e4in1c,Kaliber,0.5,Hybrid/mixed Beer,N
409,bp7TkJ,HotSide Sour Mashed DayTime,4.65,Hybrid/mixed Beer,N
414,fa0oqf,471 ESB - Extra Special Bitter,7.8,British Origin Ales,Y
415,BKi6Ss,Yadig? Berliner Hopfenweissen,4.3,North American Origin Ales,N
416,Il48ZU,United in Orange,5.3,North American Origin Ales,N
419,MFgb7Y,Javanilla Ten FIDY,10.5,North American Origin Ales,N
420,8MMa77,Bud Dry,5,North American Lager,N
421,42fXwv,Oktoberfest,5.3,North American Lager,N
422,MzoCPz,Bud Light Lime,4.2,North American Lager,N
423,4CC8Gf,Winter Haze,8.5,North American Origin Ales,N
425,bqKaTO,Cran-Ber-Rita,8,Malternative Beverages,N
426,J183HL,London Calling,3.2,British Origin Ales,N
427,NaTBQp,Juicy Dust,6.2,North American Origin Ales,N
428,eIZS7k,Harvest Ale,6.5,North American Origin Ales,Y
429,LDo4fA,Puff The Magic Cyser,8.5,"Mead, Cider, & Perry",N
431,N0usi0,Trip in the Woods Madeira Quad,10.5,Belgian And French Origin Ales,N
432,hlynwj,Budweiser American Ale,5.1,North American Origin Ales,N
433,xZCUbm,Revered Red,5.4,North American Origin Ales,N
434,P3fflp,Bubbly Wit,7.1,Belgian And French Origin Ales,N
435,4neIJi,Saison Dans La Maison ,5.6,Belgian And French Origin Ales,N
436,IAP9Ye,Huckleberry Cream Ale,5.5,Hybrid/mixed Beer,N
440,kLnpDN,Bad Luck Blonde,6.5,North American Origin Ales,N
444,GCDyUs,Silent Night,11,Belgian And French Origin Ales,Y
445,xjSOtt,Barrel-Aged Porter,7.4,Hybrid/mixed Beer,N
446,ep9tZr,Trip In the Woods: Rye Dunkelweizen,9.6,German Origin Ales,N
447,DJcbV1,Bigfoot,9.6,North American Origin Ales,N
448,ZVmIsO,Golden Flash,5.7,British Origin Ales,N
449,P2rD30,Snow Glare,6,North American Origin Ales,N
450,zd3xxc,Centennial Hop Mountain Marzen (Batch No. 80524),5.9,North American Lager,N
451,8vbUYR,Session Rye,4.5,Hybrid/mixed Beer,N
454,jChDlj,Old Chico Crystal Wheat,4.8,North American Origin Ales,N
455,69tWZj,Dank Tank Ghoulash,8.5,North American Origin Ales,N
456,BdlH6M,Beer Camp: Campout Porter,7.7,British Origin Ales,N
457,ZDbYzs,Dragon's Milk Reserve Coconut Rum,11,North American Origin Ales,N
458,a8u4ic,Yvan The Great - Beer Camp Across America,6.3,Belgian And French Origin Ales,N
459,kQiE9q,Hop Peak,6.5,North American Origin Ales,N
460,JKdiyv,Hash Session IPA,4.2,North American Origin Ales,N
462,zpvlri,Christmas Chub,8,Hybrid/mixed Beer,N
463,KuiKeS,Breakfast At Chicos,7.5,North American Origin Ales,N
465,NQwb75,Puck American Pale Ale,5.2,North American Origin Ales,N
466,l4L4RO,Nitro Series: Chocolate Orange Stout,6,British Origin Ales,N
469,kZadFf,Black IPA,6.5,North American Origin Ales,N
472,FVFucy,Fresh Hop Double IPA,8,North American Origin Ales,N
474,AWdfjO,Priscilla,5.2,Belgian And French Origin Ales,N
476,dnUKxu,Chocolate Chili Stout - High Altitude Series,8.8,North American Origin Ales,N
477,3PXm6h,Nib Sip Chub,7,British Origin Ales,N
478,56HXGK,GUARD de BEER,7,Belgian And French Origin Ales,N
479,2ADEYR,Dale's Pale Ale Nitro,6.5,North American Origin Ales,N
481,Oklbuw,Leghorn Rye IPA,6,North American Origin Ales,N
482,t28a6A,Brandy Barrel-Aged Ten Fidy,10.5,North American Origin Ales,N
483,YH9nbt,Wally Junior,4.5,North American Origin Ales,N
484,z9eSax,EXPERIMENTAL HOP PILSNER,5.5,North American Lager,N
485,8M5lCq,30th Anniversary - Jack & Ken's Ale,10.2,North American Origin Ales,Y
486,htJQLM,Salted Grapefruit Farmhouse Ale,5.2,Belgian And French Origin Ales,N
487,Yzokxa,Harp Premium Imported Lager,4.5,North American Lager,N
488,BnYgKN,Dragon's Milk Reserve with Vanilla Chai,11,North American Origin Ales,N
489,FocTXx,Goofer Dust,6.1,North American Origin Ales,N
490,b6nCMj,Anniversary Ale,3.8,North American Origin Ales,N
491,qpfWYm,India Farmhouse Ale,7.4,Belgian And French Origin Ales,N
492,TMp47T,Michigan Hatter,4.8,North American Origin Ales,N
493,ZzpzSy,Tickled Pink,6.6,Belgian And French Origin Ales,N
494,24mTU2,Blizzicane Bock,7.7,European-germanic Lager,N
496,YUaX19,Holiday Ale (2011),7.6,Hybrid/mixed Beer,N
499,oC1Ux4,Imperial Stout (Fudge And Sickle),9.9,North American Origin Ales,N
501,4iQV5k,Dry Hopped Coastal Pilsner (Batch No. 23185),6,North American Lager,N
508,ygAzC9,Bigfoot,9.6,North American Origin Ales,N
512,NamZiK,Guinness 250th Anniversary Stout,5,North American Origin Ales,N
514,xw3Nti,Karaoke Fail,6.7,North American Origin Ales,N
515,0KEzfx,30th Anniversary - Fritz and Ken's Ale,9.2,North American Origin Ales,Y
516,Kktdjp,The Art Of Chaos,9,North American Origin Ales,N
517,Bs70do,Mixxtail Long Island Iced Tea,8,Malternative Beverages,N
518,5ue4ah,Summerfest,5,North American Lager,N
521,y5dpHI,Prisoner of Hell,8,Belgian And French Origin Ales,N
525,Abbvjh,Bud Light Apple,4.2,North American Lager,N
526,rHCSHp,Stout,5.8,North American Origin Ales,N
527,bK4vxh,Blue Dream,6.4,North American Origin Ales,N
528,T7K4um,Ovila Quad Brandy Barrel-Aged,10.1,Belgian And French Origin Ales,N
529,HSChH3,Black Lager (Hatchery Series Release #3),5,North American Lager,N
531,pYXY7M,Whiplash,6.3,North American Origin Ales,N
534,tMseDR,Citrus And Vanilla Berlinerweisse,4.7,German Origin Ales,N
535,yEe3T6,Interstate SMASH Express - Calypso,7.1,North American Origin Ales,N
536,LfwcEu,Sugarshack Saison,5.1,Belgian And French Origin Ales,N
537,o4farp,Gravitation Collaboration,7.8,European-germanic Lager,N
538,LVghwn,Fusion 24,5.7,North American Origin Ales,N
543,pSVIAZ,BFD - Beer For Drinking,4.8,North American Origin Ales,N
544,RDSydO,Prince Myshkin,9,North American Origin Ales,N
545,oEiXJV,Christmas Jam,4.2,Hybrid/mixed Beer,N
547,trEROu,Good Game,11,Belgian And French Origin Ales,N
551,GbTnYM,Tangerine Space Machine,6.8,North American Origin Ales,N
552,LcpeBb,17th Saison,9,Belgian And French Origin Ales,N
557,Dwhny1,Ovila Abbey Quad with Plums,10.2,Belgian And French Origin Ales,Y
559,C0Ax0o,Holiday Haze,6.5,North American Origin Ales,N
561,QFOApS,Hefe Proper Ale,4,German Origin Ales,Y
562,6DAt6F,Ten FIDY Stranahans Bourbon Barrel Aged,10.5,North American Origin Ales,N
563,e9sjBk,21st Anniversary,7.9,Belgian And French Origin Ales,N
564,ov7fgF,Dank Tank Pulled Porter,7.7,British Origin Ales,N
565,Jio9R0,Oatmeal Stout,5,British Origin Ales,N
566,HL52ir,Whiskey Barrel Snowman Stout,5.2,North American Origin Ales,N
567,xXEmDi,Fandom Ale Fusion XXXIX,5.5,Hybrid/mixed Beer,N
568,ajbd6g,35th Anniversary  - Brewer's Reserve,8,British Origin Ales,N
570,537zpn,Credits & Debits,5,North American Origin Ales,N
575,YViUzm,Extra Time,5.8,European-germanic Lager,N
576,9bNjNs,Old Chub Nitro,8,British Origin Ales,N
577,jjIwuS,Budweiser Prohibition Brew,0.5,Hybrid/mixed Beer,N
578,gpCMad,Passion Blaster,6,Hybrid/mixed Beer,N
579,HXVdFT,Death By Coconut,6.5,British Origin Ales,N
580,c4f2KE,'Murican Pilsner,5.5,North American Lager,N
582,CtLLsH,Coco Nuts,5,Belgian And French Origin Ales,N
583,QuJNYq,Larry,7.5,North American Origin Ales,N
586,cglNbC,Port Barrel Aged Biere De Garde,10.2,Belgian And French Origin Ales,N
587,mcvkTZ,Safari Amber,5,North American Origin Ales,N
590,Uwcqsj,Southern Hemisphere Hopped ESB,6,British Origin Ales,N
591,fOFhEa,Hotbox Coffee Porter,6.5,British Origin Ales,N
593,wIRsU0,Cherry Vanilla Stout,5.5,North American Origin Ales,N
595,unQfZE,Guinness Special Export,8,Irish Origin Ales,N
596,TOBHd9,No Middle Ground,6.9,North American Origin Ales,N
599,ZQkBoF,Bearwalker Barrel Aged Double Maple,6,North American Origin Ales,N
603,Dvucvo,Bud Light Blends Lemon,3.5,Hybrid/mixed Beer,N
604,9RNMJQ,The Gimp,10.3,British Origin Ales,N
605,xh62VZ,Sneaky Pete,10,North American Origin Ales,N
610,NZakfr,Natural Light,4.2,North American Lager,N
611,uzOl1k,SweetWater IPA,6.3,North American Origin Ales,N
613,MZicx4,Hatchery Series 2 Mexican Style Lager,4.8,Hybrid/mixed Beer,N
614,ul1jng,Four Hopsmen - Mandarina Bavaria Dry Hopped,5.2,North American Origin Ales,N
615,rbRRxm,Palé,7.1,North American Origin Ales,N
618,TLdF50,Rompo Red Rye Ale,5.6,Hybrid/mixed Beer,N
619,uL3sSR,Imperial Pumpkin,8,Hybrid/mixed Beer,N
627,iypGyz,Wet Hopped American Summer,4.8,Hybrid/mixed Beer,N
628,CRw8Gu,Brown Eyed Buckeye,8.6,North American Origin Ales,N
629,iId6Sg,Summer in Berlin,5,North American Origin Ales,N
630,Dn64tp,Experimental Hop Double IPA,8,North American Origin Ales,N
635,Y8Ar6h,Miller Genuine Draft,4.66,North American Lager,N
636,RcyKuX,Bretthead,6.1,North American Origin Ales,N
638,wC2GDZ,Torpedo Pilsner - Beer Camp Across America,5.2,North American Lager,N
639,HptKyQ,Tannakin,6.2,North American Origin Ales,N
640,he3yMK,Nooner Pilsner,5.2,North American Lager,N
641,dM2XzJ,Ovila Abbey Aged Dubbel,8.5,Belgian And French Origin Ales,N
642,1B8Hrr,Willettized Imperial Coffee Stout,12.6,British Origin Ales,N
644,3zb9Gq,Ovila Dubbel,7.5,Belgian And French Origin Ales,N
645,cJvlzs,Octoberfest,5.2,European-germanic Lager,N
646,blZIJW,Home Skillet,5.6,North American Origin Ales,N
651,b601KW,Hazy Little Thing,6.7,North American Origin Ales,N
654,9cqNKc,Georgia Brown,5.8,North American Origin Ales,N
657,vmmRA5,Bohemian Dock Street Pilsner,5,European-germanic Lager,N
658,oRKnzw,Ten Fidy - Bulleit Bourbon Barrel Aged,11,North American Origin Ales,N
660,nxU5Fn,Beer Camp: Dry-Hopped Barleywine-Style Ale,9.4,North American Origin Ales,N
663,798rjW,Oh Saisonna,8.3,Belgian And French Origin Ales,N
664,qa1QZU,Cappuccino Stout,8.9,British Origin Ales,N
667,LXWiDB,Bud Light Radler - Grapefuit,2.4,Hybrid/mixed Beer,N
669,2rqlKs,Beer Camp 013: Old Cantankerous,6.6,British Origin Ales,N
673,UFPFnA,Fusion 36: London Confusion,6.5,British Origin Ales,N
675,BJymUV,Bitter Oats,10.5,North American Origin Ales,N
677,fBZZUJ,Anniversary Ale,5.9,North American Origin Ales,N
679,Ln4Gn6,Passion Fruit Pinner,4.9,North American Origin Ales,N
680,sAQpBR,Hoptimum,9.6,North American Origin Ales,N
687,dimtrs,Bud Light,4.2,North American Lager,N
694,q5sbES,Beer Camp: Raspberry Sundae Ale,8,Hybrid/mixed Beer,N
695,xcGtHr,Hoppy Anniversary IPA,5.9,North American Origin Ales,N
696,EpkUho,Imperial Plum IPA,9,North American Origin Ales,N
703,52gmSJ,Pinner Throwback IPA,4.9,North American Origin Ales,N
704,Mp3DgY,Two-Headed Ruthless Rye IPA,9.7,Hybrid/mixed Beer,N
705,BkSzxg,Cream Ale,5.9,British Origin Ales,N
707,HmjnXt,Born Again Yesterday,7.5,North American Origin Ales,N
709,6f6SpY,Das Bij,5.6,Belgian And French Origin Ales,N
710,hO6U5X,Barrel Aged Narwhal,12.9,North American Origin Ales,N
711,otVuwu,Purebred A.P.A. Citra,6.2,North American Origin Ales,N
712,sicuOa,Night Time,7.9,North American Origin Ales,N
713,dsVALR,Mischievous,5.5,Hybrid/mixed Beer,N
714,qbeSzR,Guinness Blonde,5,North American Lager,N
717,BbrPm8,Buffalo Trace Aged Scotch Ale,11.1,British Origin Ales,N
719,bwmm73,Daytona Dark Wheat Lager (Batch No. 32218),5,North American Lager,N
721,utrZWH,Dubbel,7.4,Belgian And French Origin Ales,N
723,Da2apu,Hurricane,5.9,North American Lager,N
724,QD9dX7,Nooice,6.2,Belgian And French Origin Ales,N
725,qpyuqH,Hoppy Seconds,8.4,North American Origin Ales,N
730,YBxI4X,El Mole Ocho,10,Hybrid/mixed Beer,N
731,eW9IJb,Budweiser Chelada,5,North American Lager,N
734,H20aOl,Extra ESB - Small Batch Series,7.8,British Origin Ales,N
736,eyYenc,Bigfoot,9.6,North American Origin Ales,N
737,O3nY32,Bernie Weisse,3.2,German Origin Ales,N
738,Ota9wv,Añejo Tequila Barrel Aged Gubna,11,North American Origin Ales,N
742,YSLzio,Hop Bullet IPA,8,North American Origin Ales,N
745,RVXI4q,McKercher's Keller Kolsch,5.2,German Origin Ales,N
749,OH98hq,Sinner's Son,12.4,North American Origin Ales,N
750,xg7BJX,Sticky Icky,6.5,North American Origin Ales,N
751,jshi8D,Little Sumpin’ Wild,8.74,North American Origin Ales,N
752,lyc9as,Censored (Kronik),6.75,North American Origin Ales,N
753,3Csw32,Liberty Blonde,4.9,North American Origin Ales,N
755,JVv3qI,Kellerweis,4.8,German Origin Ales,N
758,fdnFoV,Audition - Belgian-Style Blonde,6.3,Belgian And French Origin Ales,N
759,vf8QTx,Terra Incognita,8.5,Hybrid/mixed Beer,N
761,aPMdQj,Pimp My Ride,7.8,North American Origin Ales,N
762,GysKeq,471 IPA Barrel Series: Eureka!,11.2,North American Origin Ales,N
763,OGHzdU,SweetWater Road Trip,5.2,North American Lager,N
765,GGaceU,Harvest Ale 2007,6.7,North American Origin Ales,N
767,dmVTls,Winter Saison,5.3,Belgian And French Origin Ales,N
768,fIWpZI,Marilla Trail,10.1,Hybrid/mixed Beer,N
769,MdlspB,Vienna Lager,4.7,European-germanic Lager,N
770,Yjd19k,Bottle Rocket IPA,6.5,North American Origin Ales,N
771,mXym9s,Coffee Stout,6.2,North American Origin Ales,N
773,zTJ86p,Rye Hatter,6.12,Hybrid/mixed Beer,N
774,oLL7QN,German Style IPA,6.1,North American Origin Ales,N
776,kzcLek,Noble Hopped Lager (Batch No. 32218),5,North American Lager,N
777,Xzoo8o,Natty Daddy,8,North American Lager,N
778,ZQKG7N,One Nut,6.1,North American Origin Ales,N
779,655f2d,Wicket IPA,5.4,British Origin Ales,N
781,fDUiV9,Strawberry Moon,4.3,North American Origin Ales,N
784,Fkz9Mi,Water-melon-Rita,8,Malternative Beverages,N
786,DwGaaX,Lagunitas Undercover Investigation Shut-Down Ale,9.6,North American Origin Ales,N
790,4BzAQE,Happy Ending,9,North American Origin Ales,N
791,qX8i3E,Oskar the G’Rauch,8.5,Hybrid/mixed Beer,N
795,tLwMOd,Black Brew Bae,6.4,North American Origin Ales,N
800,sghlNk,Cornlaboration,5.8,North American Lager,N
801,tupCCv,Mean Joe Bean,8.5,British Origin Ales,N
802,4jKDXK,Beer Camp: West Coast DIPA,8.2,North American Origin Ales,N
803,AJwGIV,Peach IPA,5.8,North American Origin Ales,N
808,uA3MVL,7 Birds,5,North American Lager,N
809,RsGMGn,Festive Ale,8.5,Hybrid/mixed Beer,N
810,HIuMUM,Antwerpen Stout,8,British Origin Ales,N
812,EqgmWc,Year of the Dog - Release #1,7.2,North American Origin Ales,N
814,bf76fr,Twin Peaks,5,North American Origin Ales,N
817,KiXHLV,Witness,6,Belgian And French Origin Ales,N
818,QCvO04,Why Not?,6.5,Belgian And French Origin Ales,N
821,TavGRG,ESB - Early Spring Beer,5.9,North American Origin Ales,N
823,HZMvCT,471 IPA Barrel Series: Citra,11.3,North American Origin Ales,N
825,XJ7ZBB,SweetWater SchWheat,4.9,Hybrid/mixed Beer,Y
828,EBlZnE,Zoomer,4.7,Hybrid/mixed Beer,N
830,69R1Vd,G'Knight,8.7,North American Origin Ales,N
831,i0Hy6x,Black Vapor,6,European-germanic Lager,N
833,fGeFvg,Barrel Aged BOTL Cap,8.9,European-germanic Lager,N
836,iLlMCb,Lagunitas IPA,6.2,North American Origin Ales,N
837,v5a7l8,Celebrator Beer News,9.3,North American Origin Ales,N
840,Api83U,Scare City 1,7.5,North American Lager,N
841,IkgmFq,Breckenridge Christmas Ale,7.4,North American Origin Ales,N
842,i5EwQe,Trip In The Woods,9.6,British Origin Ales,N
843,jZMQtq,Larry Imperial IPA,8.5,North American Origin Ales,N
844,dFaMLe,Dry-Hopped Censored Ale,6.7,Hybrid/mixed Beer,N
851,ehb1eB,Country Pale Ale,5.1,North American Origin Ales,N
854,NE2Dpl,Dogs of Helles,4,European-germanic Lager,N
855,2mfXU8,Little Bohemia,5.3,Hybrid/mixed Beer,N
856,akZCc6,Rompo Red Rye (Dickel),5.2,Hybrid/mixed Beer,N
858,Cj5RaA,Great Pumpkin,5.5,Hybrid/mixed Beer,N
859,lT9g7O,Beer Camp: Stout of the Union,7,North American Origin Ales,N
860,DqTrrP,Lolo IPA,6.4,North American Origin Ales,N
863,Y6VFJW,Rye IPA,6.8,North American Origin Ales,N
867,IlrJbh,Blood Shot,8.6,North American Origin Ales,N
869,x6bRxw,Ten FIDY,10.5,North American Origin Ales,N
870,cBZj1z,Audition - English-Style Bitter,5.6,British Origin Ales,N
877,xwLUUb,Cream Ale,5,Hybrid/mixed Beer,N
878,1C793t,Centennial Saison,6,Belgian And French Origin Ales,N
879,vLTky5,Fusion 49,6.5,North American Origin Ales,N
881,zcGmvP,Sour Inc: Honey Ginger,4.5,North American Origin Ales,N
883,zdjQs9,Northdown,4.1,British Origin Ales,N
887,pDZET2,Night Tripper (2011),10.8,North American Origin Ales,N
888,5dbIgo,Twisted Fish,5.3,International Styles,N
890,iT9pf4,Dale's Pale Ale,6.5,North American Origin Ales,N
891,xpBGZB,CANfusion - Beer Camp Across America,7.2,Hybrid/mixed Beer,N
892,vrGuPg,Liger Lager,6.9,North American Lager,N
893,yZruL5,Fusion 48,8.3,North American Origin Ales,N
895,h7N6T9,Stephan Urquell ,4,International Styles,N
898,1P45iR,Budweiser,5,North American Lager,N
899,Pb4Zwl,Thunder Stout,4.95,North American Origin Ales,N
906,ABAHdk,Deuce,7,North American Origin Ales,N
909,37s6fV,Say Sean Huell Melon Dry Hopped Saison,4,Belgian And French Origin Ales,N
910,PRRZBx,Brass & Blues,6.4,Belgian And French Origin Ales,N
912,Rl3Yy9,Ten FIDY,10.5,North American Origin Ales,N
915,Cwuozg,Nitro Vanilla Porter (NVP),4.7,British Origin Ales,N
921,v4KRep,20th Anniversary Imperial Hash IPA on Brett,9,North American Origin Ales,N
923,t0iVWe,Fresh Hops of Bel-Air,5.5,North American Origin Ales,N
924,h9JXAb,Summer Ale,4.7,Hybrid/mixed Beer,N
930,UPDwhn,Reeb Rye'd PA,7,Hybrid/mixed Beer,N
931,1unO6C,Autumn Ale,6,European-germanic Lager,N
933,AlRuKw,Ovila Quad,10.5,Belgian And French Origin Ales,N
935,0a0nmv,SweetWater Motor Boat,5.6,British Origin Ales,N
936,onllb0,Station 3,5.7,German Origin Ales,N
937,lMlLXZ,Ryde Beer,5,Hybrid/mixed Beer,N
939,yBrlNu,Rocket Dog Rye I.P.A,6.9,North American Origin Ales,N
943,vkoim1,Wicked Wheat IPA ,5.6,North American Origin Ales,N
945,YCBXba,Bud Light Straw-Ber-Rita,8,Malternative Beverages,N
947,4zruzt,Bud Light Golden Wheat,4.1,Belgian And French Origin Ales,N
951,Z4LnaP,Second Helping IPA,7.4,North American Origin Ales,N
952,7iFx4r,Beer Camp Across America,8.6,North American Origin Ales,N
954,wzCyVT,Blue,4.6,Hybrid/mixed Beer,N
959,a9reE2,Waldo's Special Ale,11.5,North American Origin Ales,N
961,2Bxz64,Sundog,4.5,North American Origin Ales,N
965,vzcxNZ,Dunkelweizen,5.5,German Origin Ales,N
966,SaQFBA,Bud Ice Light,4.1,North American Lager,N
967,aztnLa,Bigfoot,9.6,North American Origin Ales,N
972,fKinUP,Busch Ice,5.9,North American Lager,N
975,qGQc7S,Ovila Belgian Golden Ale,8.5,Belgian And French Origin Ales,N
977,ja4TBb,Black Mamba,6,German Origin Ales,N
986,qUIYuC,Bigfoot,9.6,British Origin Ales,N
988,OhhDEr,Nooner Session IPA,4.8,North American Origin Ales,N
989,xLOOss,Mama's Little Yella Pils,5.3,European-germanic Lager,N
992,pYkVxn,Pacific Daylight,3.9,Hybrid/mixed Beer,N
993,sYYgGI,Squeeze Box,6.1,North American Origin Ales,N
994,hCMeA4,West Latitude Session Rye,5.5,Hybrid/mixed Beer,N
998,ISTT06,2017 Beer Camp,6.5,North American Origin Ales,N
1000,zYJxUM,Cabin Fever,6.5,North American Origin Ales,N
1001,ExTe8O,Unfiltered Wheat Beer,4.4,Hybrid/mixed Beer,N
1002,1HeKZM,Oatmeal Stout - Beer Camp #45,9,British Origin Ales,N
1007,zDUkcd,Lost Dune,5.5,Hybrid/mixed Beer,N
1015,7aZN1V,Plum Gose,4.5,German Origin Ales,N
1017,AZgmir,Barrel-Aged Hoptimum  (Trip in the Woods),11.5,North American Origin Ales,N
1018,9UUKMj,Holiday Leftovers Ale,7.6,Hybrid/mixed Beer,N
1022,9YCuGj,Bearsharktopus,6,Belgian And French Origin Ales,N
1024,VFG5pL,GnarlyWine,10.6,North American Origin Ales,N
1026,EO71ZO,Hoppy Saison,5,Belgian And French Origin Ales,N
1027,gvFuE2,Select 55,4,North American Lager,N
1028,AY6Jg8,Point Defiance IPA,6.1,North American Origin Ales,N
1031,Vuhegf,Dragon's Milk Reserve Triple-Mashed,11,North American Origin Ales,N
1033,pOUbfg,420 Fest,8,North American Origin Ales,N
1034,tw2Iw0,471 IPA. Aggressive Hoppiness,9.2,North American Origin Ales,Y
1035,6jvc3G,Waterkeeper,6,German Origin Ales,N
1038,WCKkkd,Now You Know,6.1,North American Origin Ales,N
1045,qQw3dE,Monkey King,5.6,Belgian And French Origin Ales,N
1046,MtJRP6,ESB,5.5,British Origin Ales,N
1050,7BGyan,Fuzzworthy,5.9,North American Origin Ales,N
1051,4NgQyT,Hop-Scotch,6.2,"Mead, Cider, & Perry",N
1052,0HZF08,Dark Swan,8.7,North American Origin Ales,N
1054,DGCFAD,Guinness Rye Pale Ale,5,Hybrid/mixed Beer,N
1057,d16niD,Blindfold,7.4,North American Origin Ales,N
1058,AEFy0R,Boomerang,6.7,North American Origin Ales,N
1059,lFMs56,Old Double Bagger Barleywine,13.2,North American Origin Ales,N
1060,EcAeVx,Oktoberfest,6,European-germanic Lager,Y
1061,UTh8Gm,Dragon’s Milk Reserve: Mocha Mint,11,North American Origin Ales,N
1062,7aeVlx,Redbridge,4,Hybrid/mixed Beer,N
1068,2avhYf,Beer Camp: Dry-Hopped Berliner-Style Weisse,4.2,German Origin Ales,N
1070,3JrTod,Beach Bum Blonde Ale,5.4,Belgian And French Origin Ales,N
1081,qgR2pv,DayTime Ale,4.65,North American Origin Ales,N
1082,EbwOyu,Pulled Porter,7.7,North American Origin Ales,N
1086,XHB8Tj,Pilgrim's Dole,12,North American Origin Ales,N
1088,svXHfu,A Little Sumpin' Sumpin',7.5,North American Origin Ales,N
1089,hKT9uI,Dunkelweizen Bock,7.2,German Origin Ales,N
1090,WCPtV5,Golden Cap Saison Ale,6.25,Belgian And French Origin Ales,N
1100,QSwjKh,Twisted Cedar,5.8,British Origin Ales,N
1101,2YWln7,Gubna Imperial IPA,10,North American Origin Ales,N
1102,zAC6PV,Regal Pilsner,7,North American Lager,N
1104,cX0XkP,Fusion 34 Michiganja,6.7,British Origin Ales,N
1106,1t3vFB,Chai Porter,5.6,British Origin Ales,N
1107,Jjw7Pd,Wheat Of The Moment,5.7,Hybrid/mixed Beer,N
1109,p0Qbef,Red Ryeot,6.5,Hybrid/mixed Beer,N
1115,U7lF72,Grass Monkey,5.4,Hybrid/mixed Beer,N
1117,3nrJLN,Four Hopsmen - Comet Dry Hopped,5.2,North American Origin Ales,N
1118,x8Bv0f,Hoppy Floppy,7.5,North American Origin Ales,N
1121,ndgIxK,Dragon's Milk Reserve with S'mores,11,North American Origin Ales,N
1122,5LHS1h,Hefeweizen,4.2,German Origin Ales,N
1128,1qx64W,Shamrock'n Rye Ale,6.6,Hybrid/mixed Beer,N
1132,qPgNWv,Tripper Noche,12.1,North American Origin Ales,N
1136,YUVOGh,Oktoberfest Marzen Lager,5.4,North American Lager,N
1143,ej16Dh,The Carhartt Woodsman,4.4,North American Origin Ales,N
1145,24UMt9,Davey Murray's Best Scotch Ale,9.5,British Origin Ales,N
1146,9BJRbZ,Smithwick's Premium Red Ale,4.5,Irish Origin Ales,N
1148,TPdvZt,Neomixicanus,6.5,North American Origin Ales,N
1152,ViVJh6,CÔTE DE CHAMPLAIN,6.1,Hybrid/mixed Beer,N
1158,eOVHdT,Audition - Scotch Ale,7.3,British Origin Ales,N
1159,EyM4tM,Pumpkin Spice Latte : Nitro Series,5.5,North American Origin Ales,N
1173,L0eAAB,Aunt Sally,5.7,North American Origin Ales,N
1177,UimBmb,Pumpkin Chub,8,Hybrid/mixed Beer,N
1179,0UTcHS,Ripley Tripel,9.6,Belgian And French Origin Ales,N
1180,pO0ouy,Triple Smoked Cubcrawler,6,Hybrid/mixed Beer,N
1182,NAfiYn,Pine-Apple-Rita,8,Malternative Beverages,N
1183,aG4Ie2,Alpha Dog Imperial IPA,8.5,North American Origin Ales,N
1185,lWygSS,471 Double IPA - Hull Melon,9.2,North American Origin Ales,N
1195,hd8yE8,Bud Light Platinum,6,North American Lager,N
1204,Rx4Dnt,Bigfoot,9.6,North American Origin Ales,N
1206,hy7HsS,Fusion 20,9,North American Origin Ales,N
1209,ETtkIW,Bigfoot,9.6,North American Origin Ales,N
1212,a5LtHp,Sacramento Beer Week Beer,9,Hybrid/mixed Beer,N
1215,DEojxv,Dank Tank Red Hot Mama,8.6,North American Origin Ales,N
1216,ndBEW0,Xtra Time,4.4,Hybrid/mixed Beer,N
1225,8zibUO,Imperial Red Ale,7.6,Irish Origin Ales,N
1234,r4I50V,Ophelia,6.6,Hybrid/mixed Beer,N
1238,4o9Ml2,Grandma's Closet,7.6,Hybrid/mixed Beer,N
1240,K2y0MV,Trip In the Woods: Tequila-Barrel-Aged Otra Vez,7.5,British Origin Ales,N
1244,hqQhp6,Dry Irish Stout,4.8,North American Origin Ales,N
1250,ZRujA6,Hotbox Coffee IPA,7.2,North American Origin Ales,N
1251,KQDQgO,Hoptimum,10.4,North American Origin Ales,N
1255,Ia4uJ0,Guinness Milk Stout,5,British Origin Ales,N
1262,jBjeGJ,Electric Ray - Beer Camp Across America,8.5,North American Lager,N
1267,xqbL8h,Fat Slim,5,North American Origin Ales,N
1279,CJYncP,Vienna Lager,5.7,European-germanic Lager,N
1283,ULNeg7,Simcoe Pale Ale,5.2,North American Origin Ales,N
1287,KjumXn,30th Anniversary - Grand Cru,9.2,Hybrid/mixed Beer,N
1290,aBYXhp,Porter Porter,7.5,British Origin Ales,Y
1291,WBe09U,Rock Candy Hoppy Red,7.5,North American Origin Ales,N
1292,Rg6aeS,Narwhal,10.2,North American Origin Ales,N
1293,lPcmND,SideCar,5.6,North American Origin Ales,N
1296,uXdZle,Ovila Abbey Brown Ale (With Mandarins and Cocoa),7,North American Origin Ales,N
1299,QhHBBX,Busch,4.6,North American Lager,N
1300,fX6odn,Solar Storm - Beer Camp #71,5.8,North American Origin Ales,N
1301,3XBmmp,Devils Double,8,North American Origin Ales,N
1302,1SYQ5O,Southern Gothic Session Pils,5.6,European-germanic Lager,N
1304,AFNvz4,Bigfoot (2018),9.6,North American Origin Ales,N
1306,uHEs7N,Audition - Altbier,6.6,German Origin Ales,N
1309,5MX880,5 C's IPA,6.5,North American Origin Ales,N
1316,wDgaK8,A Beer Named Sue,5.7,Belgian And French Origin Ales,N
1318,TpeMIM,Witbier with Grapefruit,7,Hybrid/mixed Beer,N
1323,u0mJPG,Man Full of Trouble,5,British Origin Ales,N
1325,J0OjIy,Johnny Appleseed,5.5,"Mead, Cider, & Perry",N
1326,tDKmD5,Fresh Sticky Nugs,8,North American Origin Ales,N
1330,bMv56j,Brewery Lane Series: Biére De Garde,9,Belgian And French Origin Ales,N
1331,KGaPva,Oktoberfest,6.1,European-germanic Lager,Y
1333,f16hLl,Ruthlessly Delicious,6.2,North American Origin Ales,N
1337,oBALsi,Glissade Golden Bock,6.4,European-germanic Lager,N
1340,bHmQdD,Crank Tank,5.8,Hybrid/mixed Beer,N
1345,5hvNTC,Well Built,8.8,Hybrid/mixed Beer,N
1349,4KIe0t,Ovila Golden With Pomegranates,8.5,North American Origin Ales,N
1357,7faCP2,Rum Barrel-Aged Ten Fidy,14.7,North American Origin Ales,N
1358,s1eqWg,Rainy Day Blues,6,Other Lager,N
1362,QdCdco,Pele (Brazilian Pale Ale),7.1,International Ale Styles,N
1365,K2qBGW,Guinness Extra Stout,5,North American Origin Ales,N
1367,bn1wGG,Hopivore,5.84,North American Origin Ales,N
1368,8TQNbT,Spinner,5.6,North American Origin Ales,N
1370,KVcu4B,Ten Fidy - Bourbon Barrel Aged,12.9,North American Origin Ales,N
1378,Lo0Ybu,Keller,4.9,German Origin Ales,N
1384,N9aJxO,Oak Aged Mad Hatter India Pale Ale,7.22,North American Origin Ales,N
1389,XrRTUJ,Dales T90 Dry Hop,6.5,North American Origin Ales,N
1392,1LvpyW,Drink This IPA,6.1,North American Origin Ales,N
1397,aabOus,DogZilla Black IPA,6.9,North American Origin Ales,N
1399,jcxBhr,el Mole Ocho,8.4,Hybrid/mixed Beer,N
1409,UJGpVS,16 So Fine Red Wheat Wine,11,North American Origin Ales,N
1415,2NsDUk,Light IPA,4,North American Origin Ales,N
1416,lr1zya,Old Ale,6.9,British Origin Ales,N
1419,OPM4t8,Mt. Takhoma Blonde Ale,3.8,Belgian And French Origin Ales,N
1424,18Ki63,Barrel Aged Dale's Pale Ale (Makers Mark),6.5,North American Origin Ales,N
1425,907FUe,Fugli,5.8,North American Origin Ales,N
1426,Z10a03,Chico King - Beer Camp Across America,6.5,North American Origin Ales,N
1430,qVUNwf,Night Tripper,10.8,North American Origin Ales,N
1433,yn4ODI,Ale Communication,7.8,North American Origin Ales,N
1449,ceP1Cs,Five Hop - Experimental IPA,5.8,North American Origin Ales,N
1452,JzAHi3,Hatchery Series #5 - NE Style IPA,7.5,North American Origin Ales,N
1463,vz5JZ1,1794 The Fergal Project,4.5,North American Origin Ales,N
1465,QefHZY,Farmhouse Hatter,5.07,Belgian And French Origin Ales,N
1466,CMvItN,Doppel Weizen,8.5,German Origin Ales,N
1469,JW5SJV,Family Values,8.5,North American Origin Ales,N
1476,Oobtwc,IceyPA,7,North American Origin Ales,N
1484,ruYTf6,Yippe Rye Aye!,5.9,Hybrid/mixed Beer,N
1485,Au0v9G,A Little Sumpin' Extra,8.7,North American Origin Ales,N
1487,vuZYco,Kolsch,5,German Origin Ales,N
1488,3wh93y,Chewbocka,6.2,European-germanic Lager,N
1489,LnzGvI,Hatchery Series Release #6: Golden Summer Ale,4.8,North American Origin Ales,N
1492,9OyQXs,California Black Beer,4.9,North American Lager,N
1498,zTTWa2,11.5° PLATO,4.5,North American Origin Ales,N
1501,mobjLC,Budweiser Copper Lager,6.2,North American Lager,N
1503,9nXV0D,Dank Tank The Price is Wrong,9,Belgian And French Origin Ales,N
1507,d2nhC0,Brown's Point ESB,5.6,British Origin Ales,N
1512,8SiLJi,Barrel Aged Imperial Cherry Stout,9.5,North American Origin Ales,N
1524,7IjJ76,Vienna,5.3,European-germanic Lager,N
1528,j9cp5e,471 Small Batch IPA,9.2,North American Origin Ales,N
1530,Q5y7v5,Oktoberfest,6,North American Lager,N
1534,llmv40,Golden IPA,5.9,North American Origin Ales,N
1537,oYED15,Blue Ridge Red,6.3,Irish Origin Ales,N
1541,nF8WBb,Cuvée Mam'zelle,8.5,Belgian And French Origin Ales,N
1547,2cLm8B,All Colorado Apricot Wheat,5.5,Hybrid/mixed Beer,N
1550,qACg0q,Oatmeal Stout ,5.5,British Origin Ales,N
1551,pdLPeS,Bigfoot,9.6,North American Origin Ales,N
1564,dRGLDH,Peach-a-Rita,8,Malternative Beverages,N
1566,Beiqbm,Baltic Joy,7.4,Other Lager,N
1580,B0vbr1,Night Wish,10.5,North American Origin Ales,N
1599,kK34fk,Diggler Double IPA,8,North American Origin Ales,N
1601,ZliVSZ,Nitro Lucky U IPA,5.7,North American Origin Ales,N
1606,Yq3v6n,Guinness Black Lager,4.5,European-germanic Lager,N
1610,Edea9J,Winter Ale,6.1,British Origin Ales,N
1615,lFrwWQ,Natural Ice,5.9,North American Lager,N
1623,qpPzL7,Bobolink,6.7,Belgian And French Origin Ales,N
1625,qOKA1F,Ruthless Rye IPA,6.6,North American Origin Ales,N
1629,eJ0fVE,Tripel  Squared,9,Belgian And French Origin Ales,N
1631,bFMDB3,Portsmouth Barleywine,11,North American Origin Ales,N
1639,gFe3ro,Beer Like A Billy Goat,6.5,European-germanic Lager,N
1645,4LX2Qa,Two-One Niner,4.8,North American Lager,N
1653,xdvDOQ,Imperial White IPA - Brewery Lane Series,9,North American Origin Ales,N
1661,r1uQvZ,Lovebird Wheat,4.4,German Origin Ales,N
1664,9LnbQj,Willettized Coffee Stout,11.7,North American Origin Ales,N
1670,LDb6oj,Estate Ale,6.7,Hybrid/mixed Beer,N
1674,kSrchj,Imperial India Brown Ale,9.2,North American Origin Ales,N
1678,8lmndo,Sweetwater Donkey Punch!,10.2,North American Origin Ales,N
1700,XFwk42,Hoppy Wheat IPA,6.2,North American Origin Ales,N
1706,ebYlhO,Eroica,7.4,Belgian And French Origin Ales,N
1713,Tqu2Of,Pandora's Bock,7.5,European-germanic Lager,Y
1722,dS3WFU,Barrel Aged Chaka (Merlot),8,Belgian And French Origin Ales,N
1725,hYaduh,Alt Route - Beer Camp Across America,6.6,German Origin Ales,N
1730,Oawv0J,Hatchery series #4 Chocolate Milk Stout,5.4,British Origin Ales,N
1731,bSQyva,Beer Camp: Ginger Lager,6.2,North American Lager,N
1732,baONtD,Mad Hatter IPA,7,North American Origin Ales,N
1733,8LowIZ,Guinness Nitro IPA,5.8,North American Origin Ales,N
1738,FAIsfG,Guinness West Indies Porter,6,British Origin Ales,N
1741,MqTIG4,72 Imperial,7.2,North American Origin Ales,N
1745,65zNUD,Two Hats Lime,4.2,North American Lager,N
1748,iEMsk8,Anniversary Ale 2007,5.9,North American Origin Ales,N
1749,36DmYw,Lime-a-Rita,8,Malternative Beverages,N
1753,KmsdoV,Old Chub,8,British Origin Ales,N
1757,zJigjF,Spinnerbait,6,Belgian And French Origin Ales,N
1760,IRIveF,Four Hopsmen - Hop Head Farms Eperimental Dry Hopped,5.2,North American Origin Ales,N
1768,lj8S4n,Larry Triple Douple,8.5,Belgian And French Origin Ales,N
1771,HxW3xw,Audition - Rye Bock,7.2,Hybrid/mixed Beer,N
1778,fyj05b,Black IPA,6.9,North American Origin Ales,N
1791,5ntmM9,Holidale,7.4,Hybrid/mixed Beer,N
1795,60GVov,Well Built E.S.B.,7.8,British Origin Ales,N
1798,5ON8OO,Bulleit Bourbon Ten Fidy,11,Irish Origin Ales,N
1806,JCo28y,Asian Gold Blonde,4.4,North American Origin Ales,N
1808,NU4qr0,Bosden,6.8,North American Origin Ales,N
1810,gEUoCZ,Doppel Sticky,7.7,German Origin Ales,N
1814,c0okIY,Mad Catter,7,North American Origin Ales,N
1815,z71HIM,Sierra Nevada Torpedo Cask,7.2,North American Origin Ales,N
1816,932XO8,Blueberry Ale,4.5,Hybrid/mixed Beer,N
1826,gm9FbA,Johnny Hash - Dank Tank,8.5,North American Origin Ales,N
1829,6gFiUn,Dank Tank Border Hopper,8.6,North American Origin Ales,N
1830,ER2JSs,Bigfoot,9.6,North American Origin Ales,N
1831,QkHinm,Passion Grass,5,North American Origin Ales,N
1834,iTZlLw,Citra IPL,5.2,North American Origin Ales,N
1843,nvaDvZ,Eagle Rare Barrel Aged Scotch Ale,11.3,British Origin Ales,N
1845,pOk8tL,The 1759,9,North American Origin Ales,N
1855,z8iAm9,Beer Camp: East Meets West IPA,7,North American Origin Ales,N
1857,Yd8G8r,18th Anniversary Belgian Tripel,10,Belgian And French Origin Ales,N
1862,tuyIzW,Hazy Memory,7.7,North American Origin Ales,N
1863,AAdvVo,Hop House Lager,5,North American Lager,N
1881,6mTebP,Beer Camp Golden IPA,6.5,North American Origin Ales,N
1882,zkfPGW,Rompo Red Rye (Bourbon Barrel Aged),5.2,Hybrid/mixed Beer,N
1890,mjPDnq,Mash Appeal,4.3,North American Lager,N
1903,TpiDMC,Brown Shugga',9.9,North American Origin Ales,N
1905,XRsG9K,Kings Dish,6.8,Hybrid/mixed Beer,N
1906,vNwXnT,Busch Signature Copper Lager,5.7,North American Lager,N
1911,O9XhOw,RIPA,5.9,Irish Origin Ales,N
1915,e0bg5f,Six Rights IPA -  Beer Camp,8,North American Origin Ales,N
1921,ISlZaz,Miller Fortune,6.9,North American Lager,N
1922,N5lJcK,Four Witches ,7.3,Belgian And French Origin Ales,N
1924,T64OoT,Trip In the Woods Biere De Garde,9.8,Belgian And French Origin Ales,N
1940,pq9MUi,Gubna Barrel Aged,11,North American Origin Ales,N
1948,ptlOzL,Hurricane High Gravity,8,North American Lager,N
1951,fqgLPD,Hop Dog Fresh Hop Pale,5.6,North American Origin Ales,N
1956,w7z0LS,Fusion 17,5.5,North American Origin Ales,Y
1964,cB7Dxt,Ovila Dubbel Barrel-Aged,10.8,Hybrid/mixed Beer,N
1965,3wspDn,Foreign Extra Stout (Ghana),7.5,British Origin Ales,N
1974,qQPhVI,Oskar Blues IPA,6.43,North American Origin Ales,N
1982,nOFAoT,Hoptinite,8,North American Origin Ales,N
1989,nwNOxm,ZiegenBock Amber,4.9,North American Lager,N
1992,zGsXaD,Harvest Single Hop Mandarina Hops,6.5,North American Origin Ales,N
1993,BZGnql,Fusion 26,6.65,North American Origin Ales,N
2018,JDzrBR,Dales Dry Hop Equinox,6.5,North American Origin Ales,N
2023,hbf2am,Pomona Queen,4.8,North American Lager,N
2024,DUmEEi,Green State Lager,4.9,North American Lager,N
2042,LkfL1Y,Cherry Chocolate Stout,8.5,North American Origin Ales,N
2078,x3ijRg,Dank Tank: Some Strange II Black IPA,10,North American Origin Ales,N
2087,RK9Po6,Ale 20,5.7,North American Origin Ales,N
2091,b65A4y,Fusion 9,5.5,North American Origin Ales,N
2106,JfC6wN,Guinness Red Harvest Stout,4.1,Irish Origin Ales,N
2108,P9Ly3t,Kilkenny Irish Cream Ale,4.3,Hybrid/mixed Beer,N
2118,ItEVNY,Anniversary Ale 2009,5.9,North American Origin Ales,N
2122,BJFSW8,Audition - Double IPA,8.5,North American Origin Ales,N
2148,CWqXDN,Fusion 16,4.8,Hybrid/mixed Beer,N
2152,3Zc0Ez,SummerBright Ale,4.5,North American Origin Ales,N
2157,fMn3Hq,Dragon's Milk Reserve: Salted Caramel,11,North American Origin Ales,N
2174,O78ldO,1904 American Red Lager,5,North American Lager,N
2187,bpJ9u8,White Ale,4.8,Belgian And French Origin Ales,N
2192,JoGCC1,Fusion 18,10,North American Origin Ales,N
2204,S9QxGf,Myron's Walk - Beer Camp Across America,5.3,Belgian And French Origin Ales,N
2225,P8KXUd,Single Hop Amarillo IPA,6.7,North American Origin Ales,N
2234,2ZwqMd,Sour Inc: Apple Rhubarb,4.5,German Origin Ales,N
2237,ADXvig,Oktober-Fiesta,5.5,North American Lager,N
2240,DbeLZF,All Colorado Wet Hop Pale Ale,5.8,North American Origin Ales,N
2241,eEWCFd,Lucky U IPA,6.2,North American Origin Ales,N
2254,zLqnaW,Barrel Aged Nuovo Record,13.5,German Origin Ales,N
2267,uhfEWi,Dragon's Milk Reserve Mexican Spice Cake,11,North American Origin Ales,N
2271,5stK34,Wookie Down,7.6,North American Origin Ales,N
2280,Du7C2e,Black Tulip,8.8,Belgian And French Origin Ales,N
2281,mjwrcO,Satellite Stout,5.5,North American Origin Ales,N
2328,dbN8in,Imperial Pilsner - Beer Camp #43,5.6,North American Lager,N
2336,cdkpyx,Pale Ale,5.6,North American Origin Ales,N
2337,vIhSst,The Dogfather,10,North American Origin Ales,N
2345,W2dlxg,Bud Extra,6.6,Hybrid/mixed Beer,N
2347,xrpjYO,Mighty Brown,7.5,North American Origin Ales,Y
2359,EBgR2m,Choice Make Good,8.3,North American Origin Ales,N
2366,Z1g2ua,Hoptronix,9,North American Origin Ales,N
2370,TvAG7D,Uncle Bert's Farm Market Red,5.6,North American Lager,N
2372,SjPBgM,Russ' Revival,5.3,North American Lager,N
2375,pZEIiV,Breck IPA,6.3,North American Origin Ales,N
2382,7x2tzn,Kölsch TEST DUMMIES,6.4,Hybrid/mixed Beer,N
2384,whHlqc,Maillard's Odyssey - Beer Camp Across America,8.5,North American Origin Ales,N
2387,ONdtij,Ovila Abbey Saison (w/ Mandarin Oranges and Peppercorns),7.5,Belgian And French Origin Ales,N
2392,7i1hXo,Ovila Abbey Saison,7.5,Belgian And French Origin Ales,N
2393,vxQzSS,Wally,7,North American Origin Ales,N
2400,0j4t2Z,Pinnacle Peak Pale Ale,4.2,North American Origin Ales,N
2410,TQaDOh,Death By Coconut (Rum Barrel Aged),11.5,North American Origin Ales,N
2415,bTNGkO,Experimental Hop Session IPA,4.6,North American Origin Ales,N
2423,ARoWVg,Dank Tank Old Man Johnson's Farm,9.6,North American Origin Ales,N
2428,eI5fN2,New Dogtown Pale Ale,6.2,North American Origin Ales,N
2457,vXifKs,Dales T45 Dry Hop,6.5,North American Origin Ales,N
2493,hz4rNs,Thunder Ann,5.5,North American Origin Ales,N
2503,BEFupD,NxS IPA,9,North American Origin Ales,N
2523,CWwxeR,Lucky 13,8.3,North American Origin Ales,N
2536,LMONA6,Barrel Aged Mama's Mama's Little Yella Pils (Tequila),5.3,North American Lager,N
2542,2EkHBG,NXS,6.5,North American Origin Ales,N
2561,IphbdN,Bigfoot,9.6,North American Origin Ales,N
2576,MgdJep,200th Anniversary Export Stout,6,Irish Origin Ales,N
2590,uzbisB,Incorrigible Reserve,4.5,Hybrid/mixed Beer,N
2591,5LwuwE,Bob White,5,Belgian And French Origin Ales,N
2611,HG1dy6,Fusion 21,4.7,North American Origin Ales,N
2615,VwOYAS,Bud Light Lime Mang-O-Rita,8,Malternative Beverages,N
2628,1S3Le4,Single Hop Mosaic Double IPA,6.6,North American Origin Ales,N
2629,LVSSPk,Double Latte - Beer Camp Across America,7.6,British Origin Ales,Y
2636,p6ZP0p,Summer Pils,5,North American Lager,N
2644,DGhJbX,Equinox,8.4,North American Origin Ales,N
2662,YVWopx,Return of the Red Eye IPA,6.5,North American Origin Ales,N
2667,7gKo41,Grizzly Imperial Pale Ale,8.1,North American Origin Ales,N
2687,WFT0UY,Scare City 4 Imperial Wheat Wine,9.7,North American Origin Ales,N
2702,3tlrAU,Dragon’s Milk Reserve: Banana Coconut,11,North American Origin Ales,N
2720,UBcopK,Premium 219 Pilsner,4.7,North American Lager,N
2726,7HHwqy,Hop Hash,7.8,North American Origin Ales,N
2731,jMQlvu,Goin' Coastal,6.1,North American Origin Ales,N
2739,5iehRZ,Fusion 30,7.1,Belgian And French Origin Ales,N
2743,Y6iD9x,Dragon’s Milk Reserve with Raspberries,11,Hybrid/mixed Beer,N
2768,eVgnFV,The Poet,5.2,British Origin Ales,N
2775,uec7XF,Fusion 22,7.8,Hybrid/mixed Beer,N
2808,sfHgoE,Oktoberfest,6.2,North American Lager,Y
2818,Xmetdp,Hop Hunter IPA,6.2,North American Origin Ales,N
2835,9XJBp9,Narconaut,6.6,North American Origin Ales,N
2852,yoGDFl,Black Eye PA,7.5,North American Origin Ales,N
2865,uAYQwf,Shadow's Wild Black,8,Hybrid/mixed Beer,N
2884,NY86j7,Audition - Imperial Pilsner,8,North American Lager,N
2887,N87g0e,Shipwrecker Circus,10.5,British Origin Ales,N
2903,gQiQsk,White Hatter,5.5,Belgian And French Origin Ales,N
2904,f5CWb6,"30th Anniversary - Charlie, Fred & Ken's Bock",8.3,European-germanic Lager,Y
2910,2z4qK8,Michigan Awesome Hatter,5.8,North American Origin Ales,N
2939,69Yqbc,Mozango,7.7,North American Origin Ales,N
2940,0oHOZv,Harvest Single Hop IPA - Idaho 7 Varietal,6.5,North American Origin Ales,N
2954,HHG2Nn,Dragon's Milk Reserve with Coffee And Chocolate,11,North American Origin Ales,N
2958,ygnsjS,Hatchery Series 1 - Mosaic Hop IPA,6.4,North American Origin Ales,N
3016,Rj8PxJ,Hopfenweisse,5.7,Hybrid/mixed Beer,N
3046,h2d5zt,Conehead,5.7,North American Origin Ales,N
3049,TFcGop,The Down Low Ale,3.9,North American Origin Ales,N
3075,HQ79n0,Blue Sunday,7,North American Origin Ales,N
3082,IpcSsv,Dragon's Milk Reserve: Brewer's Select,12,North American Origin Ales,N
3097,FDSQ5n,SweetWater Mean Joe Bean,8.5,British Origin Ales,N
3113,hbF6tu,ABLE Best Britter,4.3,British Origin Ales,N
3114,wXVeJD,Incorrigible,4.5,North American Origin Ales,N
3146,LPjakS,Snow Wit,5.7,North American Origin Ales,N
3150,jIKwgZ,420 Strain G13 IPA,6,North American Origin Ales,N
3158,eCmjOc,Pear Champagne,5.3,North American Origin Ales,N
3160,9Ylplt,Fistful of Hops,6.2,North American Origin Ales,N
3188,rDnNdd,Cuvée Soeur’ise,8.5,Belgian And French Origin Ales,N
3225,LPQCSx,Trip In The Woods: Tawny Narwhal,11.4,British Origin Ales,N
3270,bZ8hmu,Potato Schwarzbier,4.9,European-germanic Lager,N
3294,yh28GV,Sakitumi,9,Hybrid/mixed Beer,N
3308,CZn6nT,Pale Ale,5.6,North American Origin Ales,N
3390,OxvWPv,Floral IPA - Beer Camp #53,5.9,North American Origin Ales,N
3428,ZyZ1g3,Strawberry White Pale Ale,5.1,North American Origin Ales,N
3434,afK7hW,Honey Blonde,5.2,North American Origin Ales,N
3492,x8U1bY,Harvest Fresh Hop IPA - Southern Hemisphere Harvest,6.7,North American Origin Ales,N
3525,7GLf2A,The White Buffalo,6,North American Origin Ales,N
3533,fnqCGB,Maximus,8.2,North American Origin Ales,N
3564,qvtSfO,Stoopid Wit,6,Belgian And French Origin Ales,N
3610,c9u7Eo,Guinness Generous Ale,5.6,Irish Origin Ales,N
3622,YmuNgG,Tasmanian Hatter,7,North American Origin Ales,N
3677,LB8JzL,Sidecar Orange Pale Ale,5.6,North American Origin Ales,N
3755,QHCtPE,Beer Camp: Dry Hopped Belgian Golden,8,North American Origin Ales,N
3778,kKHKCn,Trip in the Woods: Maple Scotch,9.8,British Origin Ales,N
3788,56hSxC,Madonna,8,North American Origin Ales,N
3803,4QiGHK,O'Doul's Amber,0.5,North American Lager,N
3956,BoJHzM,Belgian Black IPA - Beer Camp #94,7.7,Belgian And French Origin Ales,N
4018,ZJdowf,Beerhive,8.47,Belgian And French Origin Ales,N
4022,eXzIZz,TripleTail,5.5,North American Origin Ales,N
4043,isCgs7,Tumbler,5.5,North American Origin Ales,N
4069,GVNZZQ,Green Valley Wild Hop Lager,5,North American Lager,N
4071,oBponF,Oculto,6,North American Lager,N
4085,Esu28L,Murphy's Law Red Ale,5,Irish Origin Ales,N
4109,GXDZpo,Fusion 32,7.5,North American Origin Ales,N
4137,SDUD8m,King Cobra,6,North American Lager,N
4247,giziAd,Bourbon Barrel Aged Imperial Stout With Coffee,11.2,North American Origin Ales,N
4254,dapUuF,Bigfoot (2016),9.6,North American Origin Ales,N
4576,nbVcip,Sour Inc: Sour Stout With Cherries,6.7,North American Origin Ales,N
4625,FxxNhs,Snow Cone IPA,7,North American Origin Ales,N
4652,Mx9jQm,Harvest Wild Hop IPA - Neomexicanus Varietal,6.5,North American Origin Ales,N
4657,ysyw2P,Bigfoot,9.6,North American Origin Ales,N
4750,Mvh5U2,Single Hop Series: Liberty,5,North American Origin Ales,N
4914,FlmKOv,Smidy,5.2,British Origin Ales,N
4959,rJ51vR,Freedom Tickler,6.8,Belgian And French Origin Ales,N
5088,DwfEan,Dragon's Milk Reserve: Raspberry Lemon,11,Hybrid/mixed Beer,N
5246,YrOqvr,Nitro Irish Stout,4.8,Irish Origin Ales,N
